/*
This file is part of Giswater
This program is free software: you can redistribute it and/or modify it under the terms of the GNU General Public License as published by the Free Software Foundation, either version 3 of the License, or (at your option) any later version.
*/


-- ----------------------------
-- Records of cat_arc
-- ----------------------------
INSERT INTO "sample_epaswmm"."cat_arc" VALUES ('CC040', 'CIRCULAR', null, null, '0.4000', '0.0000', '0.0000', '0.0000', null, 'C40', null);
INSERT INTO "sample_epaswmm"."cat_arc" VALUES ('CC060', 'CIRCULAR', null, null, '0.6000', '0.0000', '0.0000', '0.0000', null, 'C60', null);
INSERT INTO "sample_epaswmm"."cat_arc" VALUES ('CC080', 'CIRCULAR', null, null, '0.8000', '0.0000', '0.0000', '0.0000', null, 'C80', null);
INSERT INTO "sample_epaswmm"."cat_arc" VALUES ('CC100', 'CIRCULAR', null, null, '1.0000', '0.0000', '0.0000', '0.0000', null, 'C100', null);
INSERT INTO "sample_epaswmm"."cat_arc" VALUES ('CC120', 'CIRCULAR', null, null, '1.2000', '0.0000', '0.0000', '0.0000', null, 'C120', null);
INSERT INTO "sample_epaswmm"."cat_arc" VALUES ('CC150', 'CIRCULAR', null, null, '1.5000', '0.0000', '0.0000', '0.0000', null, 'C150', null);
INSERT INTO "sample_epaswmm"."cat_arc" VALUES ('CC200', 'CIRCULAR', null, null, '2.0000', '0.0000', '0.0000', '0.0000', null, 'C200', null);
INSERT INTO "sample_epaswmm"."cat_arc" VALUES ('EG150', 'EGG', null, null, '1.5000', '1.0000', '0.0000', '0.0000', null, 'E150', null);
INSERT INTO "sample_epaswmm"."cat_arc" VALUES ('RC150', 'RECT_CLOSED', null, null, '1.5000', '1.5000', '0.0000', '0.0000', null, 'R150', null);
INSERT INTO "sample_epaswmm"."cat_arc" VALUES ('RC200', 'RECT_CLOSED', null, null, '2.0000', '2.0000', '0.0000', '0.0000', null, 'R200', null);
 

-- ----------------------------
-- Records of cat_mat
-- ----------------------------
INSERT INTO "sample_epaswmm"."cat_mat" VALUES ('Concret', 'Concret', '0.0140');
INSERT INTO "sample_epaswmm"."cat_mat" VALUES ('PVC', 'PVC', '0.0110');



-- ----------------------------
-- Records of sector
-- ----------------------------
INSERT INTO "sample_epaswmm"."sector" VALUES ('sector_01', 'sector_project_swmm', '0106000020E7640000010000000103000000010000004E000000F260BC2365901941A4667AD58C75514113E36F696590194146223B108F75514192F4D9C569901941EA9EB23697755141A7635D7E6E901941F096C7649D7551413E3A67D074901941E66A3822A1755141F8835349829019411B408CE5A375514191181E679990194105FAE7ACA67551416E11C055A79019411ADE45CFA7755141623B6DEDE39019411E6D9E0BAB755141AEF82EB605911941B8128B50AC755141E9DACB7832911941EC52A071AD755141CD1C1AAF5B911941186B5700AE7551417758F07C68911941A40B5740AE755141F3D2CEF5709119413C248C56AF75514199496689BE9119411BC1D1B7B27551415EA607FCEE911941B455093CB075514113EB0728FD911941E123C30DAF755141413B0BD71B9219419A81B3B8AB755141CA7549E43392194169315030A9755141B5BE46E8AD921941115C602EA475514174517EC7BD9219414640F37EA37551413252FCBE16941941AC9DABDF94755141C78F577EA29419415AE606D58E755141FCEF873869951941DBF98480867551414E302882CF95194168805EE581755141F6C32938F4961941D22EAC8E75755141BEF2646F3C9719414D0EBC8972755141037B028C74971941F38C4FFD6F755141B22277D1FD97194193B3528968755141F46D72D779981941B643FEB361755141CA43B6C34F991941615273F355755141262811D79D991941A7F0AFB0517551411E7F11D9C4991941FF61D3AE4F755141D9150EB0FB991941D83DF4414D755141BE58D480839A1941224D3F9747755141F8B9AAA90F9B1941E520B1D541755141A2BC9D24D69B1941A2EEEE9E39755141EAE67282AE9B1941FBE7A8EA35755141A6A3A7874C9B1941B49860F339755141B7346A7D2F9B1941799E0F533A7551413D107B81139B1941F5B4F1B539755141377F18D1989A1941BEE9A2FD32755141F999F5F96A9A194180BE95783075514164903A95B799194170541B8E2675514130650477C19819413352401319755141922284EF22981941B8B9FE5C107551419CE08C75EF9719418BD2A17A0D75514106736A86EC96194154B7DF4BFF745141ED0F9892B8961941A4944D6BFC745141B2AE38BB19961941A169C8B9F374514147E5B82CD495194134955D5AEF745141CBC22EC1BC951941527A9105EF745141D6D7D6B2959519417289B548EF74514194A5AEAB7C9519411F1BD5F5EF745141027A5E7266951941D18BC53DF1745141BEEC10BC4995194190769F9CF074514150E3EB2BD9941941401BACC8F97451415C5A0852729419413182684F027551414DE707A582941941A522E7D903755141DCE1D4EF6B94194131C106B705755141D8319504EC931941F8E70F1D10755141F1E448C7A1931941A4154AA615755141BB5A404474931941CA065A7B17755141D1BA81A24E9319415BFD9E7E19755141960B789E0B9319417276D03B1C75514126BEE9ADDA921941B77B03941F75514156B34008D6911941D5BF0E472A755141AD598392B49119410189555D2B7551410BAB6459B6901941B3C112DE35755141517295B4749019416032C5783875514169EECA68629019410ED27338387551419CDDD08E46901941FD3EF8F03C755141EB4E0D394A9019411149B107457551413374D99850901941912A11325775514104E9248D589019411BA70AE6697551414CF9E15E62901941DE719AF5847551411A96283C6390194160FE50E987755141F260BC2365901941A4667AD58C755141');



-- ----------------------------
-- Records of inp_timser_id
-- ----------------------------
INSERT INTO "sample_epaswmm"."inp_timser_id" VALUES ('T5-5m', 'Rainfall', 'RELATIVE');
INSERT INTO "sample_epaswmm"."inp_timser_id" VALUES ('T10-5m', 'Rainfall', 'RELATIVE');
 


-- ----------------------------
-- Records of node
-- ----------------------------
INSERT INTO "sample_epaswmm"."node" VALUES ('N100', '33.5900', '2.2600', 'JUNCTION', 'sector_01', '0101000020E7640000F0A7C64B21971941D7A370ED07755141');
INSERT INTO "sample_epaswmm"."node" VALUES ('N101', '39.6300', '2.0300', 'JUNCTION', 'sector_01', '0101000020E76400007F6ABCF42D961941CDCCCC0C44755141');
INSERT INTO "sample_epaswmm"."node" VALUES ('N102', '39.1600', '1.8100', 'JUNCTION', 'sector_01', '0101000020E76400009CC4203035961941A4703D0A4E755141');
INSERT INTO "sample_epaswmm"."node" VALUES ('N104', '37.1900', '1.5100', 'JUNCTION', 'sector_01', '0101000020E7640000E926318852961941295C8FA263755141');
INSERT INTO "sample_epaswmm"."node" VALUES ('N105', '38.3200', '1.6600', 'JUNCTION', 'sector_01', '0101000020E7640000F4FDD47873961941713D0AF76F755141');
INSERT INTO "sample_epaswmm"."node" VALUES ('N106', '28.7100', '1.8200', 'JUNCTION', 'sector_01', '0101000020E7640000EC51B81EF99819418FC2F5684A755141');
INSERT INTO "sample_epaswmm"."node" VALUES ('N107', '30.2700', '1.6500', 'JUNCTION', 'sector_01', '0101000020E76400009EEFA74690981941AE47E1DA42755141');
INSERT INTO "sample_epaswmm"."node" VALUES ('N108', '32.3500', '1.6000', 'JUNCTION', 'sector_01', '0101000020E7640000BA490C82189819419A9999393C755141');
INSERT INTO "sample_epaswmm"."node" VALUES ('N109', '34.5400', '1.6300', 'JUNCTION', 'sector_01', '0101000020E76400003F355EBA9F971941AE47E1AA35755141');
INSERT INTO "sample_epaswmm"."node" VALUES ('N110', '36.2100', '1.5400', 'JUNCTION', 'sector_01', '0101000020E7640000D9CEF7531897194114AE47412E755141');
INSERT INTO "sample_epaswmm"."node" VALUES ('N111', '59.4500', '2.5500', 'JUNCTION', 'sector_01', '0101000020E76400001F85EBD1C39119410AD7A380AA755141');
INSERT INTO "sample_epaswmm"."node" VALUES ('N112', '56.6800', '2.2500', 'JUNCTION', 'sector_01', '0101000020E764000023DBF9FE489219415C8FC2F5A4755141');
INSERT INTO "sample_epaswmm"."node" VALUES ('N113', '55.4500', '2.2100', 'JUNCTION', 'sector_01', '0101000020E76400004A0C022BCE921941AE47E16A9F755141');
INSERT INTO "sample_epaswmm"."node" VALUES ('N114', '53.0200', '2.1100', 'JUNCTION', 'sector_01', '0101000020E7640000713D0A5753931941F6285CDF99755141');
INSERT INTO "sample_epaswmm"."node" VALUES ('N115', '50.4700', '2.1400', 'JUNCTION', 'sector_01', '0101000020E7640000986E1283D893194148E17A5494755141');
INSERT INTO "sample_epaswmm"."node" VALUES ('N116', '49.2800', '2.1100', 'JUNCTION', 'sector_01', '0101000020E7640000BE9F1AAF5D9419419A9999C98E755141');
INSERT INTO "sample_epaswmm"."node" VALUES ('N117', '46.5900', '2.0000', 'JUNCTION', 'sector_01', '0101000020E7640000E5D022DBE2941941EC51B83E89755141');
INSERT INTO "sample_epaswmm"."node" VALUES ('N118', '44.5500', '2.0100', 'JUNCTION', 'sector_01', '0101000020E7640000E9263108689519413D0AD7B383755141');
INSERT INTO "sample_epaswmm"."node" VALUES ('N119', '42.1700', '2.0200', 'JUNCTION', 'sector_01', '0101000020E764000010583934ED9519418FC2F5287E755141');
INSERT INTO "sample_epaswmm"."node" VALUES ('N120', '39.5600', '1.8100', 'JUNCTION', 'sector_01', '0101000020E76400003789416072961941E17A149E78755141');
INSERT INTO "sample_epaswmm"."node" VALUES ('N121', '36.8600', '1.8000', 'JUNCTION', 'sector_01', '0101000020E76400005EBA498CF79619413333331373755141');
INSERT INTO "sample_epaswmm"."node" VALUES ('N122', '33.0400', '1.8200', 'JUNCTION', 'sector_01', '0101000020E7640000D34D62100198194185EB516865755141');
INSERT INTO "sample_epaswmm"."node" VALUES ('N123', '22.1100', '3.0700', 'JUNCTION', 'sector_01', '0101000020E7640000355EBA49079B1941713D0AD73E755141');
INSERT INTO "sample_epaswmm"."node" VALUES ('N124', '25.2700', '2.8500', 'JUNCTION', 'sector_01', '0101000020E76400005A643BDFEF9919413D0AD7434B755141');
INSERT INTO "sample_epaswmm"."node" VALUES ('N125', '23.8800', '2.6400', 'JUNCTION', 'sector_01', '0101000020E76400009CC420B07E9A19416666664645755141');
INSERT INTO "sample_epaswmm"."node" VALUES ('N126', '32.2800', '2.1200', 'JUNCTION', 'sector_01', '0101000020E7640000E3A59BC497971941666666A60E755141');
INSERT INTO "sample_epaswmm"."node" VALUES ('N127', '30.9700', '2.1500', 'JUNCTION', 'sector_01', '0101000020E7640000EE7C3F3510981941B81E853B15755141');
INSERT INTO "sample_epaswmm"."node" VALUES ('N128', '29.7000', '2.0000', 'JUNCTION', 'sector_01', '0101000020E764000046B6F3FD87981941CDCCCCDC1B755141');
INSERT INTO "sample_epaswmm"."node" VALUES ('N129', '27.8900', '2.0000', 'JUNCTION', 'sector_01', '0101000020E7640000FA7E6ABCFF981941EC51B87E22755141');
INSERT INTO "sample_epaswmm"."node" VALUES ('N130', '25.9800', '2.0200', 'JUNCTION', 'sector_01', '0101000020E764000033333333799919410AD7A30029755141');
INSERT INTO "sample_epaswmm"."node" VALUES ('N131', '25.2100', '1.8500', 'JUNCTION', 'sector_01', '0101000020E7640000378941E0F09919413D0AD7A32F755141');
INSERT INTO "sample_epaswmm"."node" VALUES ('N132', '22.6600', '1.8900', 'JUNCTION', 'sector_01', '0101000020E7640000F853E3A5789A1941713D0A0737755141');
INSERT INTO "sample_epaswmm"."node" VALUES ('N233', '38.8900', '2.0500', 'JUNCTION', 'sector_01', '0101000020E7640000E926318879961941713D0A072D755141');
INSERT INTO "sample_epaswmm"."node" VALUES ('N234', '20.2100', '3.5000', 'OUTFALL', 'sector_01', '0101000020E764000048E17A14919B194114AE47C139755141');
INSERT INTO "sample_epaswmm"."node" VALUES ('N29', '61.0300', '2.9100', 'JUNCTION', 'sector_01', '0101000020E764000023DBF9FEC49019415C8FC215A7755141');
INSERT INTO "sample_epaswmm"."node" VALUES ('N30', '59.8100', '2.2100', 'JUNCTION', 'sector_01', '0101000020E764000004560EAD919019415C8FC28595755141');
INSERT INTO "sample_epaswmm"."node" VALUES ('N31', '58.0600', '2.2000', 'JUNCTION', 'sector_01', '0101000020E7640000CBA145B68D901941A4703D8A8B755141');
INSERT INTO "sample_epaswmm"."node" VALUES ('N32', '56.8400', '2.0000', 'JUNCTION', 'sector_01', '0101000020E7640000273108AC8A901941D7A3708D81755141');
INSERT INTO "sample_epaswmm"."node" VALUES ('N33', '55.1800', '2.0700', 'JUNCTION', 'sector_01', '0101000020E7640000C1CAA145869019410000009077755141');
INSERT INTO "sample_epaswmm"."node" VALUES ('N34', '54.7500', '2.2000', 'JUNCTION', 'sector_01', '0101000020E7640000273108AC829019413D0AD7936D755141');
INSERT INTO "sample_epaswmm"."node" VALUES ('N35', '48.4400', '1.5200', 'JUNCTION', 'sector_01', '0101000020E76400003D0AD72396921941AE47E1FA66755141');
INSERT INTO "sample_epaswmm"."node" VALUES ('N36', '46.8000', '1.8200', 'JUNCTION', 'sector_01', '0101000020E7640000BC7493182B931941CDCCCC1C65755141');
INSERT INTO "sample_epaswmm"."node" VALUES ('N37', '41.4800', '1.5000', 'JUNCTION', 'sector_01', '0101000020E76400003D0AD7A3D3941941666666C65F755141');
INSERT INTO "sample_epaswmm"."node" VALUES ('N38', '39.8600', '2.0600', 'JUNCTION', 'sector_01', '0101000020E7640000A245B6F36E951941A4703DDA5D755141');
INSERT INTO "sample_epaswmm"."node" VALUES ('N39', '38.4200', '1.8400', 'JUNCTION', 'sector_01', '0101000020E76400002B87165906961941295C8FF25B755141');
INSERT INTO "sample_epaswmm"."node" VALUES ('N40', '35.6700', '1.5600', 'JUNCTION', 'sector_01', '0101000020E764000039B4C8F690961941C3F5284C5B755141');
INSERT INTO "sample_epaswmm"."node" VALUES ('N41', '34.9500', '1.8100', 'JUNCTION', 'sector_01', '0101000020E764000017D9CE77449719411F85EB215C755141');
INSERT INTO "sample_epaswmm"."node" VALUES ('N42', '32.7900', '1.8000', 'JUNCTION', 'sector_01', '0101000020E7640000F853E3A5E397194152B81E255D755141');
INSERT INTO "sample_epaswmm"."node" VALUES ('N43', '29.8600', '1.8300', 'JUNCTION', 'sector_01', '0101000020E7640000FCA9F1D28298194185EB51285E755141');
INSERT INTO "sample_epaswmm"."node" VALUES ('N44', '28.7500', '2.0000', 'JUNCTION', 'sector_01', '0101000020E7640000DBF97EEAF4981941295C8F1258755141');
INSERT INTO "sample_epaswmm"."node" VALUES ('N45', '27.0700', '2.0100', 'JUNCTION', 'sector_01', '0101000020E7640000FCA9F1526699194185EB51B851755141');
INSERT INTO "sample_epaswmm"."node" VALUES ('N46', '54.6400', '1.6600', 'JUNCTION', 'sector_01', '0101000020E7640000E7FBA9F17D90194152B81E9563755141');
INSERT INTO "sample_epaswmm"."node" VALUES ('N47', '57.7900', '2.0700', 'JUNCTION', 'sector_01', '0101000020E7640000A8C64B37799019416666669659755141');
INSERT INTO "sample_epaswmm"."node" VALUES ('N48', '58.7100', '2.6000', 'JUNCTION', 'sector_01', '0101000020E76400006891ED7C74901941713D0A974F755141');
INSERT INTO "sample_epaswmm"."node" VALUES ('N49', '57.7600', '1.1100', 'JUNCTION', 'sector_01', '0101000020E7640000295C8FC26F90194185EB519845755141');
INSERT INTO "sample_epaswmm"."node" VALUES ('N50', '58.1900', '2.5600', 'JUNCTION', 'sector_01', '0101000020E76400001F85EBD191901941333333533A755141');
INSERT INTO "sample_epaswmm"."node" VALUES ('N51', '52.9000', '2.0800', 'JUNCTION', 'sector_01', '0101000020E7640000666666E633911941C3F5289C6B755141');
INSERT INTO "sample_epaswmm"."node" VALUES ('N52', '50.2900', '1.8000', 'JUNCTION', 'sector_01', '0101000020E7640000E17A142EE49119419A99994969755141');
INSERT INTO "sample_epaswmm"."node" VALUES ('N53', '55.8700', '2.0700', 'JUNCTION', 'sector_01', '0101000020E764000021B072682B91194185EB51D889755141');
INSERT INTO "sample_epaswmm"."node" VALUES ('N54', '54.2400', '1.5200', 'JUNCTION', 'sector_01', '0101000020E7640000DF4F8D17C99119416666662688755141');
INSERT INTO "sample_epaswmm"."node" VALUES ('N55', '54.7700', '1.8200', 'JUNCTION', 'sector_01', '0101000020E76400007B14AEC729921941000000A091755141');
INSERT INTO "sample_epaswmm"."node" VALUES ('N56', '55.3000', '1.8700', 'JUNCTION', 'sector_01', '0101000020E7640000560E2DB28C92194114AE47019B755141');
INSERT INTO "sample_epaswmm"."node" VALUES ('N57', '52.1100', '1.8800', 'JUNCTION', 'sector_01', '0101000020E76400003D0AD7A36592194152B81E1586755141');
INSERT INTO "sample_epaswmm"."node" VALUES ('N58', '50.6800', '1.8600', 'JUNCTION', 'sector_01', '0101000020E7640000BE9F1A2F0293194148E17A0484755141');
INSERT INTO "sample_epaswmm"."node" VALUES ('N59', '49.8000', '1.9000', 'JUNCTION', 'sector_01', '0101000020E76400009A9999998593194114AE471182755141');
INSERT INTO "sample_epaswmm"."node" VALUES ('N60', '50.0600', '1.9000', 'JUNCTION', 'sector_01', '0101000020E76400009A999999F19319415C8FC2958C755141');
INSERT INTO "sample_epaswmm"."node" VALUES ('N61', '49.6200', '2.1000', 'JUNCTION', 'sector_01', '0101000020E76400004C3789C16693194114AE474178755141');
INSERT INTO "sample_epaswmm"."node" VALUES ('N62', '47.6400', '1.8400', 'JUNCTION', 'sector_01', '0101000020E764000021B072E84793194114AE47716E755141');
INSERT INTO "sample_epaswmm"."node" VALUES ('N63', '45.0000', '1.8500', 'JUNCTION', 'sector_01', '0101000020E7640000736891EDB39319413333334363755141');
INSERT INTO "sample_epaswmm"."node" VALUES ('N64', '43.7400', '1.8000', 'JUNCTION', 'sector_01', '0101000020E764000060E5D0223D941941A4703D8A61755141');
INSERT INTO "sample_epaswmm"."node" VALUES ('N65', '55.3100', '2.2400', 'JUNCTION', 'sector_01', '0101000020E7640000C74B3789179119415C8FC2D534755141');
INSERT INTO "sample_epaswmm"."node" VALUES ('N66', '53.2200', '2.2300', 'JUNCTION', 'sector_01', '0101000020E76400004C3789419D9119417B14AE572F755141');
INSERT INTO "sample_epaswmm"."node" VALUES ('N67', '53.3900', '2.0200', 'JUNCTION', 'sector_01', '0101000020E7640000643BDF4F1B9219411F85EB414E755141');
INSERT INTO "sample_epaswmm"."node" VALUES ('N68', '51.2700', '1.8200', 'JUNCTION', 'sector_01', '0101000020E76400000C022B07C392194114AE477147755141');
INSERT INTO "sample_epaswmm"."node" VALUES ('N69', '54.4600', '2.2800', 'JUNCTION', 'sector_01', '0101000020E7640000D34D6210759119413D0AD73355755141');
INSERT INTO "sample_epaswmm"."node" VALUES ('N70', '54.9000', '2.2300', 'JUNCTION', 'sector_01', '0101000020E7640000A01A2FDDCE9019417B14AE275C755141');
INSERT INTO "sample_epaswmm"."node" VALUES ('N71', '49.9500', '1.8300', 'JUNCTION', 'sector_01', '0101000020E76400007368916D76921941E17A142E5D755141');
INSERT INTO "sample_epaswmm"."node" VALUES ('N72', '51.4800', '1.8100', 'JUNCTION', 'sector_01', '0101000020E7640000F853E3A54E921941E17A14EE50755141');
INSERT INTO "sample_epaswmm"."node" VALUES ('N73', '54.2600', '1.6000', 'JUNCTION', 'sector_01', '0101000020E7640000448B6C6758921941E17A14DE3C755141');
INSERT INTO "sample_epaswmm"."node" VALUES ('N74', '53.9900', '1.1000', 'JUNCTION', 'sector_01', '0101000020E7640000D34D6210EA91194114AE477132755141');
INSERT INTO "sample_epaswmm"."node" VALUES ('N75', '42.2900', '1.8200', 'JUNCTION', 'sector_01', '0101000020E76400001283C04AC79319419A99998918755141');
INSERT INTO "sample_epaswmm"."node" VALUES ('N76', '51.3900', '2.3000', 'JUNCTION', 'sector_01', '0101000020E7640000B29DEFA7269219415C8FC28529755141');
INSERT INTO "sample_epaswmm"."node" VALUES ('N77', '47.3400', '2.0000', 'JUNCTION', 'sector_01', '0101000020E764000025068195AB921941713D0AF723755141');
INSERT INTO "sample_epaswmm"."node" VALUES ('N78', '44.9300', '1.8500', 'JUNCTION', 'sector_01', '0101000020E76400006DE7FB2930931941F6285C5F1E755141');
INSERT INTO "sample_epaswmm"."node" VALUES ('N79', '44.5600', '1.7600', 'JUNCTION', 'sector_01', '0101000020E76400009CC42030269419416666669620755141');
INSERT INTO "sample_epaswmm"."node" VALUES ('N80', '44.5400', '1.4500', 'JUNCTION', 'sector_01', '0101000020E764000046B6F37D96941941B81E85EB2A755141');
INSERT INTO "sample_epaswmm"."node" VALUES ('N81', '44.3900', '1.2000', 'JUNCTION', 'sector_01', '0101000020E7640000C520B0F2D69419419A99996935755141');
INSERT INTO "sample_epaswmm"."node" VALUES ('N82', '48.8400', '2.0200', 'JUNCTION', 'sector_01', '0101000020E76400001904560EDE93194148E17A643E755141');
INSERT INTO "sample_epaswmm"."node" VALUES ('N83', '43.9200', '1.5500', 'JUNCTION', 'sector_01', '0101000020E7640000B4C876BEB4941941666666F655755141');
INSERT INTO "sample_epaswmm"."node" VALUES ('N84', '44.7700', '1.6500', 'JUNCTION', 'sector_01', '0101000020E76400000681954393941941F6285C2F4C755141');
INSERT INTO "sample_epaswmm"."node" VALUES ('N85', '45.6700', '1.6800', 'JUNCTION', 'sector_01', '0101000020E7640000448B6CE772941941F6285C5F42755141');
INSERT INTO "sample_epaswmm"."node" VALUES ('N86', '46.2500', '2.0500', 'JUNCTION', 'sector_01', '0101000020E7640000378941607A94194114AE47513C755141');
INSERT INTO "sample_epaswmm"."node" VALUES ('N87', '43.7700', '2.0700', 'JUNCTION', 'sector_01', '0101000020E7640000BC7493981895194148E17AD43A755141');
INSERT INTO "sample_epaswmm"."node" VALUES ('N88', '39.7100', '2.1000', 'JUNCTION', 'sector_01', '0101000020E7640000E926318828961941EC51B80E3A755141');
INSERT INTO "sample_epaswmm"."node" VALUES ('N89', '41.4100', '1.8100', 'JUNCTION', 'sector_01', '0101000020E7640000273108ACA095194114AE47713A755141');
INSERT INTO "sample_epaswmm"."node" VALUES ('N90', '40.6800', '2.1800', 'JUNCTION', 'sector_01', '0101000020E76400002FDD24862A94194114AE47B110755141');
INSERT INTO "sample_epaswmm"."node" VALUES ('N91', '39.9300', '2.1000', 'JUNCTION', 'sector_01', '0101000020E7640000DF4F8D9789941941666666A608755141');
INSERT INTO "sample_epaswmm"."node" VALUES ('N92', '39.3700', '2.0800', 'JUNCTION', 'sector_01', '0101000020E76400009A999999EB941941EC51B8BE00755141');
INSERT INTO "sample_epaswmm"."node" VALUES ('N93', '39.7400', '1.7500', 'JUNCTION', 'sector_01', '0101000020E76400000C022B071F9619413333331330755141');
INSERT INTO "sample_epaswmm"."node" VALUES ('N94', '36.5700', '1.8700', 'JUNCTION', 'sector_01', '0101000020E7640000D578E926FB9519417B14AE67FD745141');
INSERT INTO "sample_epaswmm"."node" VALUES ('N95', '34.8300', '1.8600', 'JUNCTION', 'sector_01', '0101000020E76400001904560E9B961941B81E858B02755141');
INSERT INTO "sample_epaswmm"."node" VALUES ('N96', '37.6900', '1.5900', 'JUNCTION', 'sector_01', '0101000020E764000054E3A51B01961941713D0A1706755141');
INSERT INTO "sample_epaswmm"."node" VALUES ('N97', '39.5500', '1.6700', 'JUNCTION', 'sector_01', '0101000020E7640000BC7493980A9619413333339312755141');
INSERT INTO "sample_epaswmm"."node" VALUES ('N98', '39.6600', '1.9000', 'JUNCTION', 'sector_01', '0101000020E76400009EEFA7C61096194114AE47911C755141');
INSERT INTO "sample_epaswmm"."node" VALUES ('N99', '39.7000', '1.5000', 'JUNCTION', 'sector_01', '0101000020E7640000B81E856B18961941EC51B88E26755141');


-- ----------------------------
-- Records of arc
-- ----------------------------
INSERT INTO "sample_epaswmm"."arc" VALUES ('A133', 'N111', 'N112', 0.1000, 0.1000, 'CC040', 'Concret', 'CONDUIT', 'sector_01', '0102000020E7640000020000001F85EBD1C39119410AD7A380AA75514123DBF9FE489219415C8FC2F5A4755141');
INSERT INTO "sample_epaswmm"."arc" VALUES ('A134', 'N112', 'N113', 0.1000, 0.1000, 'CC040', 'Concret', 'CONDUIT', 'sector_01', '0102000020E76400000200000023DBF9FE489219415C8FC2F5A47551414A0C022BCE921941AE47E16A9F755141');
INSERT INTO "sample_epaswmm"."arc" VALUES ('A135', 'N113', 'N114', 0.1000, 0.1000, 'CC040', 'Concret', 'CONDUIT', 'sector_01', '0102000020E7640000020000004A0C022BCE921941AE47E16A9F755141713D0A5753931941F6285CDF99755141');
INSERT INTO "sample_epaswmm"."arc" VALUES ('A136', 'N114', 'N115', 0.1000, 0.1000, 'CC040', 'Concret', 'CONDUIT', 'sector_01', '0102000020E764000002000000713D0A5753931941F6285CDF99755141986E1283D893194148E17A5494755141');
INSERT INTO "sample_epaswmm"."arc" VALUES ('A137', 'N115', 'N116', 0.1000, 0.1000, 'CC040', 'Concret', 'CONDUIT', 'sector_01', '0102000020E764000002000000986E1283D893194148E17A5494755141BE9F1AAF5D9419419A9999C98E755141');
INSERT INTO "sample_epaswmm"."arc" VALUES ('A138', 'N116', 'N117', 0.1000, 0.1000, 'CC040', 'Concret', 'CONDUIT', 'sector_01', '0102000020E764000002000000BE9F1AAF5D9419419A9999C98E755141E5D022DBE2941941EC51B83E89755141');
INSERT INTO "sample_epaswmm"."arc" VALUES ('A139', 'N117', 'N118', 0.1000, 0.1000, 'CC040', 'Concret', 'CONDUIT', 'sector_01', '0102000020E764000002000000E5D022DBE2941941EC51B83E89755141E9263108689519413D0AD7B383755141');
INSERT INTO "sample_epaswmm"."arc" VALUES ('A140', 'N118', 'N119', 0.1000, 0.1000, 'CC060', 'Concret', 'CONDUIT', 'sector_01', '0102000020E764000002000000E9263108689519413D0AD7B38375514110583934ED9519418FC2F5287E755141');
INSERT INTO "sample_epaswmm"."arc" VALUES ('A141', 'N119', 'N120', 0.1000, 0.1000, 'CC060', 'Concret', 'CONDUIT', 'sector_01', '0102000020E76400000200000010583934ED9519418FC2F5287E7551413789416072961941E17A149E78755141');
INSERT INTO "sample_epaswmm"."arc" VALUES ('A142', 'N120', 'N121', 0.1000, 0.1000, 'CC060', 'Concret', 'CONDUIT', 'sector_01', '0102000020E7640000020000003789416072961941E17A149E787551415EBA498CF79619413333331373755141');
INSERT INTO "sample_epaswmm"."arc" VALUES ('A143', 'N122', 'N43', 0.1000, 0.1000, 'CC080', 'Concret', 'CONDUIT', 'sector_01', '0102000020E764000002000000D34D62100198194185EB516865755141FCA9F1D28298194185EB51285E755141');
INSERT INTO "sample_epaswmm"."arc" VALUES ('A144', 'N43', 'N44', 0.1000, 0.1000, 'EG150', 'Concret', 'CONDUIT', 'sector_01', '0102000020E764000002000000FCA9F1D28298194185EB51285E755141DBF97EEAF4981941295C8F1258755141');
INSERT INTO "sample_epaswmm"."arc" VALUES ('A145', 'N44', 'N45', 0.1000, 0.1000, 'EG150', 'Concret', 'CONDUIT', 'sector_01', '0102000020E764000002000000DBF97EEAF4981941295C8F1258755141FCA9F1526699194185EB51B851755141');
INSERT INTO "sample_epaswmm"."arc" VALUES ('A146', 'N45', 'N124', 0.1000, 0.1000, 'RC150', 'Concret', 'CONDUIT', 'sector_01', '0102000020E764000002000000FCA9F1526699194185EB51B8517551415A643BDFEF9919413D0AD7434B755141');
INSERT INTO "sample_epaswmm"."arc" VALUES ('A147', 'N124', 'N125', 0.1000, 0.1000, 'RC150', 'Concret', 'CONDUIT', 'sector_01', '0102000020E7640000020000005A643BDFEF9919413D0AD7434B7551419CC420B07E9A19416666664645755141');
INSERT INTO "sample_epaswmm"."arc" VALUES ('A148', 'N125', 'N123', 0.1000, 0.1000, 'RC150', 'Concret', 'CONDUIT', 'sector_01', '0102000020E7640000020000009CC420B07E9A19416666664645755141355EBA49079B1941713D0AD73E755141');
INSERT INTO "sample_epaswmm"."arc" VALUES ('A149', 'N30', 'N31', 0.1000, 0.1000, 'CC040', 'Concret', 'CONDUIT', 'sector_01', '0102000020E76400000200000004560EAD919019415C8FC28595755141CBA145B68D901941A4703D8A8B755141');
INSERT INTO "sample_epaswmm"."arc" VALUES ('A150', 'N31', 'N32', 0.1000, 0.1000, 'CC040', 'Concret', 'CONDUIT', 'sector_01', '0102000020E764000002000000CBA145B68D901941A4703D8A8B755141273108AC8A901941D7A3708D81755141');
INSERT INTO "sample_epaswmm"."arc" VALUES ('A151', 'N32', 'N33', 0.1000, 0.1000, 'CC060', 'Concret', 'CONDUIT', 'sector_01', '0102000020E764000002000000273108AC8A901941D7A3708D81755141C1CAA145869019410000009077755141');
INSERT INTO "sample_epaswmm"."arc" VALUES ('A152', 'N33', 'N34', 0.1000, 0.2700, 'CC060', 'Concret', 'CONDUIT', 'sector_01', '0102000020E764000002000000C1CAA145869019410000009077755141273108AC829019413D0AD7936D755141');
INSERT INTO "sample_epaswmm"."arc" VALUES ('A153', 'N34', 'N51', 0.2700, 0.1000, 'CC040', 'Concret', 'CONDUIT', 'sector_01', '0102000020E764000002000000273108AC829019413D0AD7936D755141666666E633911941C3F5289C6B755141');
INSERT INTO "sample_epaswmm"."arc" VALUES ('A154', 'N51', 'N52', 0.1000, 0.1000, 'CC060', 'Concret', 'CONDUIT', 'sector_01', '0102000020E764000002000000666666E633911941C3F5289C6B755141E17A142EE49119419A99994969755141');
INSERT INTO "sample_epaswmm"."arc" VALUES ('A155', 'N52', 'N35', 0.1000, 0.1000, 'CC060', 'Concret', 'CONDUIT', 'sector_01', '0102000020E764000002000000E17A142EE49119419A999949697551413D0AD72396921941AE47E1FA66755141');
INSERT INTO "sample_epaswmm"."arc" VALUES ('A156', 'N35', 'N36', 0.1000, 0.1000, 'CC060', 'Concret', 'CONDUIT', 'sector_01', '0102000020E7640000020000003D0AD72396921941AE47E1FA66755141BC7493182B931941CDCCCC1C65755141');
INSERT INTO "sample_epaswmm"."arc" VALUES ('A157', 'N36', 'N63', 0.1000, 0.1000, 'CC060', 'Concret', 'CONDUIT', 'sector_01', '0102000020E764000002000000BC7493182B931941CDCCCC1C65755141736891EDB39319413333334363755141');
INSERT INTO "sample_epaswmm"."arc" VALUES ('A158', 'N63', 'N64', 0.1000, 0.1000, 'CC080', 'Concret', 'CONDUIT', 'sector_01', '0102000020E764000002000000736891EDB3931941333333436375514160E5D0223D941941A4703D8A61755141');
INSERT INTO "sample_epaswmm"."arc" VALUES ('A159', 'N64', 'N37', 0.1000, 0.1000, 'CC080', 'Concret', 'CONDUIT', 'sector_01', '0102000020E76400000200000060E5D0223D941941A4703D8A617551413D0AD7A3D3941941666666C65F755141');
INSERT INTO "sample_epaswmm"."arc" VALUES ('A160', 'N37', 'N38', 0.1000, 0.1000, 'CC080', 'Concret', 'CONDUIT', 'sector_01', '0102000020E7640000020000003D0AD7A3D3941941666666C65F755141A245B6F36E951941A4703DDA5D755141');
INSERT INTO "sample_epaswmm"."arc" VALUES ('A161', 'N38', 'N39', 0.1000, 0.1000, 'CC080', 'Concret', 'CONDUIT', 'sector_01', '0102000020E764000002000000A245B6F36E951941A4703DDA5D7551412B87165906961941295C8FF25B755141');
INSERT INTO "sample_epaswmm"."arc" VALUES ('A162', 'N39', 'N40', 0.1000, 0.1000, 'CC080', 'Concret', 'CONDUIT', 'sector_01', '0102000020E7640000020000002B87165906961941295C8FF25B75514139B4C8F690961941C3F5284C5B755141');
INSERT INTO "sample_epaswmm"."arc" VALUES ('A163', 'N40', 'N41', 0.1000, 0.1000, 'CC100', 'Concret', 'CONDUIT', 'sector_01', '0102000020E76400000200000039B4C8F690961941C3F5284C5B75514117D9CE77449719411F85EB215C755141');
INSERT INTO "sample_epaswmm"."arc" VALUES ('A164', 'N41', 'N42', 0.1000, 0.1000, 'CC100', 'Concret', 'CONDUIT', 'sector_01', '0102000020E76400000200000017D9CE77449719411F85EB215C755141F853E3A5E397194152B81E255D755141');
INSERT INTO "sample_epaswmm"."arc" VALUES ('A165', 'N42', 'N43', 0.1000, 0.1000, 'CC100', 'Concret', 'CONDUIT', 'sector_01', '0102000020E764000002000000F853E3A5E397194152B81E255D755141FCA9F1D28298194185EB51285E755141');
INSERT INTO "sample_epaswmm"."arc" VALUES ('A166', 'N49', 'N48', 0.1100, 0.1000, 'CC040', 'Concret', 'CONDUIT', 'sector_01', '0102000020E764000002000000295C8FC26F90194185EB5198457551416891ED7C74901941713D0A974F755141');
INSERT INTO "sample_epaswmm"."arc" VALUES ('A167', 'N48', 'N47', 0.1000, 0.1000, 'CC040', 'Concret', 'CONDUIT', 'sector_01', '0102000020E7640000020000006891ED7C74901941713D0A974F755141A8C64B37799019416666669659755141');
INSERT INTO "sample_epaswmm"."arc" VALUES ('A168', 'N47', 'N46', 0.1000, 0.1000, 'CC060', 'Concret', 'CONDUIT', 'sector_01', '0102000020E764000002000000A8C64B37799019416666669659755141E7FBA9F17D90194152B81E9563755141');
INSERT INTO "sample_epaswmm"."arc" VALUES ('A169', 'N46', 'N34', 0.1000, 0.1000, 'CC060', 'Concret', 'CONDUIT', 'sector_01', '0102000020E764000002000000E7FBA9F17D90194152B81E9563755141273108AC829019413D0AD7936D755141');
INSERT INTO "sample_epaswmm"."arc" VALUES ('A170', 'N50', 'N65', 0.1000, 0.1000, 'CC040', 'Concret', 'CONDUIT', 'sector_01', '0102000020E7640000020000001F85EBD191901941333333533A755141C74B3789179119415C8FC2D534755141');
INSERT INTO "sample_epaswmm"."arc" VALUES ('A171', 'N65', 'N66', 0.1000, 0.1000, 'CC040', 'Concret', 'CONDUIT', 'sector_01', '0102000020E764000002000000C74B3789179119415C8FC2D5347551414C3789419D9119417B14AE572F755141');
INSERT INTO "sample_epaswmm"."arc" VALUES ('A172', 'N66', 'N76', 0.1000, 0.3600, 'CC040', 'Concret', 'CONDUIT', 'sector_01', '0102000020E7640000020000004C3789419D9119417B14AE572F755141B29DEFA7269219415C8FC28529755141');
INSERT INTO "sample_epaswmm"."arc" VALUES ('A173', 'N76', 'N77', 0.1000, 0.4000, 'CC040', 'Concret', 'CONDUIT', 'sector_01', '0102000020E764000002000000B29DEFA7269219415C8FC2852975514125068195AB921941713D0AF723755141');
INSERT INTO "sample_epaswmm"."arc" VALUES ('A174', 'N77', 'N78', 0.1000, 0.1000, 'CC040', 'Concret', 'CONDUIT', 'sector_01', '0102000020E76400000200000025068195AB921941713D0AF7237551416DE7FB2930931941F6285C5F1E755141');
INSERT INTO "sample_epaswmm"."arc" VALUES ('A175', 'N78', 'N75', 0.1000, 0.1000, 'CC040', 'Concret', 'CONDUIT', 'sector_01', '0102000020E7640000020000006DE7FB2930931941F6285C5F1E7551411283C04AC79319419A99998918755141');
INSERT INTO "sample_epaswmm"."arc" VALUES ('A176', 'N75', 'N90', 0.1000, 0.1000, 'CC060', 'Concret', 'CONDUIT', 'sector_01', '0102000020E7640000020000001283C04AC79319419A999989187551412FDD24862A94194114AE47B110755141');
INSERT INTO "sample_epaswmm"."arc" VALUES ('A177', 'N90', 'N91', 0.1000, 0.1000, 'CC060', 'Concret', 'CONDUIT', 'sector_01', '0102000020E7640000020000002FDD24862A94194114AE47B110755141DF4F8D9789941941666666A608755141');
INSERT INTO "sample_epaswmm"."arc" VALUES ('A178', 'N91', 'N92', 0.1000, 0.1000, 'CC060', 'Concret', 'CONDUIT', 'sector_01', '0102000020E764000002000000DF4F8D9789941941666666A6087551419A999999EB941941EC51B8BE00755141');
INSERT INTO "sample_epaswmm"."arc" VALUES ('A179', 'N94', 'N95', 0.1000, 0.1000, 'CC060', 'Concret', 'CONDUIT', 'sector_01', '0102000020E764000002000000D578E926FB9519417B14AE67FD7451411904560E9B961941B81E858B02755141');
INSERT INTO "sample_epaswmm"."arc" VALUES ('A180', 'N95', 'N100', 0.1000, 0.1000, 'CC080', 'Concret', 'CONDUIT', 'sector_01', '0102000020E7640000020000001904560E9B961941B81E858B02755141F0A7C64B21971941D7A370ED07755141');
INSERT INTO "sample_epaswmm"."arc" VALUES ('A181', 'N100', 'N126', 0.1000, 0.1000, 'CC080', 'Concret', 'CONDUIT', 'sector_01', '0102000020E764000002000000F0A7C64B21971941D7A370ED07755141E3A59BC497971941666666A60E755141');
INSERT INTO "sample_epaswmm"."arc" VALUES ('A182', 'N126', 'N127', 0.1000, 0.1000, 'CC080', 'Concret', 'CONDUIT', 'sector_01', '0102000020E764000002000000E3A59BC497971941666666A60E755141EE7C3F3510981941B81E853B15755141');
INSERT INTO "sample_epaswmm"."arc" VALUES ('A183', 'N127', 'N128', 0.1000, 0.1000, 'CC080', 'Concret', 'CONDUIT', 'sector_01', '0102000020E764000002000000EE7C3F3510981941B81E853B1575514146B6F3FD87981941CDCCCCDC1B755141');
INSERT INTO "sample_epaswmm"."arc" VALUES ('A184', 'N128', 'N129', 0.1000, 0.1000, 'CC080', 'Concret', 'CONDUIT', 'sector_01', '0102000020E76400000200000046B6F3FD87981941CDCCCCDC1B755141FA7E6ABCFF981941EC51B87E22755141');
INSERT INTO "sample_epaswmm"."arc" VALUES ('A185', 'N129', 'N130', 0.1000, 0.1000, 'CC080', 'Concret', 'CONDUIT', 'sector_01', '0102000020E764000002000000FA7E6ABCFF981941EC51B87E2275514133333333799919410AD7A30029755141');
INSERT INTO "sample_epaswmm"."arc" VALUES ('A186', 'N130', 'N131', 0.1000, 0.1000, 'CC100', 'Concret', 'CONDUIT', 'sector_01', '0102000020E76400000200000033333333799919410AD7A30029755141378941E0F09919413D0AD7A32F755141');
INSERT INTO "sample_epaswmm"."arc" VALUES ('A187', 'N131', 'N132', 0.1000, 0.1000, 'CC100', 'Concret', 'CONDUIT', 'sector_01', '0102000020E764000002000000378941E0F09919413D0AD7A32F755141F853E3A5789A1941713D0A0737755141');
INSERT INTO "sample_epaswmm"."arc" VALUES ('A188', 'N132', 'N123', 0.1000, 0.1000, 'CC100', 'Concret', 'CONDUIT', 'sector_01', '0102000020E764000002000000F853E3A5789A1941713D0A0737755141355EBA49079B1941713D0AD73E755141');
INSERT INTO "sample_epaswmm"."arc" VALUES ('A189', 'N99', 'N98', 0.1000, 0.1000, 'CC040', 'Concret', 'CONDUIT', 'sector_01', '0102000020E764000002000000B81E856B18961941EC51B88E267551419EEFA7C61096194114AE47911C755141');
INSERT INTO "sample_epaswmm"."arc" VALUES ('A190', 'N98', 'N97', 0.3900, 0.1000, 'CC040', 'PVC', 'CONDUIT', 'sector_01', '0102000020E7640000020000009EEFA7C61096194114AE47911C755141BC7493980A9619413333339312755141');
INSERT INTO "sample_epaswmm"."arc" VALUES ('A191', 'N97', 'N96', 0.1000, 0.1000, 'CC040', 'Concret', 'CONDUIT', 'sector_01', '0102000020E764000002000000BC7493980A961941333333931275514154E3A51B01961941713D0A1706755141');
INSERT INTO "sample_epaswmm"."arc" VALUES ('A192', 'N96', 'N95', 0.1000, 0.1000, 'CC040', 'Concret', 'CONDUIT', 'sector_01', '0102000020E76400000200000054E3A51B01961941713D0A17067551411904560E9B961941B81E858B02755141');
INSERT INTO "sample_epaswmm"."arc" VALUES ('A193', 'N110', 'N109', 0.1000, 0.1000, 'CC040', 'Concret', 'CONDUIT', 'sector_01', '0102000020E764000002000000D9CEF7531897194114AE47412E7551413F355EBA9F971941AE47E1AA35755141');
INSERT INTO "sample_epaswmm"."arc" VALUES ('A194', 'N109', 'N108', 0.1000, 0.1000, 'CC040', 'Concret', 'CONDUIT', 'sector_01', '0102000020E7640000020000003F355EBA9F971941AE47E1AA35755141BA490C82189819419A9999393C755141');
INSERT INTO "sample_epaswmm"."arc" VALUES ('A195', 'N108', 'N107', 0.1000, 0.1000, 'CC060', 'Concret', 'CONDUIT', 'sector_01', '0102000020E764000002000000BA490C82189819419A9999393C7551419EEFA74690981941AE47E1DA42755141');
INSERT INTO "sample_epaswmm"."arc" VALUES ('A196', 'N107', 'N106', 0.1000, 0.1000, 'CC060', 'Concret', 'CONDUIT', 'sector_01', '0102000020E7640000020000009EEFA74690981941AE47E1DA42755141EC51B81EF99819418FC2F5684A755141');
INSERT INTO "sample_epaswmm"."arc" VALUES ('A197', 'N106', 'N45', 0.1000, 0.1000, 'CC060', 'Concret', 'CONDUIT', 'sector_01', '0102000020E764000002000000EC51B81EF99819418FC2F5684A755141FCA9F1526699194185EB51B851755141');
INSERT INTO "sample_epaswmm"."arc" VALUES ('A198', 'N70', 'N69', 0.1000, 0.1000, 'CC040', 'Concret', 'CONDUIT', 'sector_01', '0102000020E764000002000000A01A2FDDCE9019417B14AE275C755141D34D6210759119413D0AD73355755141');
INSERT INTO "sample_epaswmm"."arc" VALUES ('A199', 'N69', 'N67', 0.1000, 0.1000, 'CC040', 'Concret', 'CONDUIT', 'sector_01', '0102000020E764000002000000D34D6210759119413D0AD73355755141643BDF4F1B9219411F85EB414E755141');
INSERT INTO "sample_epaswmm"."arc" VALUES ('A200', 'N67', 'N68', 0.1000, 0.1000, 'CC040', 'Concret', 'CONDUIT', 'sector_01', '0102000020E764000002000000643BDF4F1B9219411F85EB414E7551410C022B07C392194114AE477147755141');
INSERT INTO "sample_epaswmm"."arc" VALUES ('A201', 'N82', 'N86', 0.1000, 0.1000, 'CC060', 'Concret', 'CONDUIT', 'sector_01', '0102000020E7640000020000001904560EDE93194148E17A643E755141378941607A94194114AE47513C755141');
INSERT INTO "sample_epaswmm"."arc" VALUES ('A202', 'N86', 'N87', 0.1000, 0.1000, 'CC060', 'Concret', 'CONDUIT', 'sector_01', '0102000020E764000002000000378941607A94194114AE47513C755141BC7493981895194148E17AD43A755141');
INSERT INTO "sample_epaswmm"."arc" VALUES ('A203', 'N87', 'N89', 0.1000, 0.1000, 'CC060', 'Concret', 'CONDUIT', 'sector_01', '0102000020E764000002000000BC7493981895194148E17AD43A755141273108ACA095194114AE47713A755141');
INSERT INTO "sample_epaswmm"."arc" VALUES ('A204', 'N89', 'N88', 0.1000, 0.3200, 'CC060', 'Concret', 'CONDUIT', 'sector_01', '0102000020E764000002000000273108ACA095194114AE47713A755141E926318828961941EC51B80E3A755141');
INSERT INTO "sample_epaswmm"."arc" VALUES ('A205', 'N88', 'N101', 0.3200, 0.1000, 'CC080', 'PVC', 'CONDUIT', 'sector_01', '0102000020E764000002000000E926318828961941EC51B80E3A7551417F6ABCF42D961941CDCCCC0C44755141');
INSERT INTO "sample_epaswmm"."arc" VALUES ('A206', 'N101', 'N102', 0.1000, 0.1000, 'CC080', 'Concret', 'CONDUIT', 'sector_01', '0102000020E7640000020000007F6ABCF42D961941CDCCCC0C447551419CC4203035961941A4703D0A4E755141');
INSERT INTO "sample_epaswmm"."arc" VALUES ('A207', 'N102', 'N40', 0.1000, 0.1000, 'CC080', 'Concret', 'CONDUIT', 'sector_01', '0102000020E7640000060000009CC4203035961941A4703D0A4E7551413C186B6C3A961941FEAFC73456755141A078CE243E9619412AE61B05577551414A283B544296194120D6088B577551414826F9C44996194125ACF5105875514139B4C8F690961941C3F5284C5B755141');
INSERT INTO "sample_epaswmm"."arc" VALUES ('A209', 'N85', 'N84', 0.1000, 0.1000, 'CC040', 'Concret', 'CONDUIT', 'sector_01', '0102000020E764000002000000448B6CE772941941F6285C5F427551410681954393941941F6285C2F4C755141');
INSERT INTO "sample_epaswmm"."arc" VALUES ('A210', 'N84', 'N83', 0.1000, 0.1000, 'CC040', 'Concret', 'CONDUIT', 'sector_01', '0102000020E7640000020000000681954393941941F6285C2F4C755141B4C876BEB4941941666666F655755141');
INSERT INTO "sample_epaswmm"."arc" VALUES ('A211', 'N83', 'N37', 0.1000, 0.1000, 'CC040', 'Concret', 'CONDUIT', 'sector_01', '0102000020E764000002000000B4C876BEB4941941666666F6557551413D0AD7A3D3941941666666C65F755141');
INSERT INTO "sample_epaswmm"."arc" VALUES ('A212', 'N72', 'N71', 0.1000, 0.1000, 'CC040', 'Concret', 'CONDUIT', 'sector_01', '0102000020E764000002000000F853E3A54E921941E17A14EE507551417368916D76921941E17A142E5D755141');
INSERT INTO "sample_epaswmm"."arc" VALUES ('A213', 'N71', 'N35', 0.1000, 0.1000, 'CC040', 'Concret', 'CONDUIT', 'sector_01', '0102000020E7640000020000007368916D76921941E17A142E5D7551413D0AD72396921941AE47E1FA66755141');
INSERT INTO "sample_epaswmm"."arc" VALUES ('A214', 'N74', 'N73', 0.1000, 0.1000, 'CC040', 'PVC', 'CONDUIT', 'sector_01', '0102000020E764000002000000D34D6210EA91194114AE477132755141448B6C6758921941E17A14DE3C755141');
INSERT INTO "sample_epaswmm"."arc" VALUES ('A215', 'N73', 'N68', 0.1000, 0.1000, 'CC040', 'Concret', 'CONDUIT', 'sector_01', '0102000020E764000002000000448B6C6758921941E17A14DE3C7551410C022B07C392194114AE477147755141');
INSERT INTO "sample_epaswmm"."arc" VALUES ('A216', 'N81', 'N80', 0.2000, 0.1000, 'CC040', 'PVC', 'CONDUIT', 'sector_01', '0102000020E764000002000000C520B0F2D69419419A9999693575514146B6F37D96941941B81E85EB2A755141');
INSERT INTO "sample_epaswmm"."arc" VALUES ('A217', 'N80', 'N79', 0.1000, 0.0600, 'CC040', 'Concret', 'CONDUIT', 'sector_01', '0102000020E76400000200000046B6F37D96941941B81E85EB2A7551419CC42030269419416666669620755141');
INSERT INTO "sample_epaswmm"."arc" VALUES ('A218', 'N79', 'N75', 0.0600, 0.1000, 'CC040', 'Concret', 'CONDUIT', 'sector_01', '0102000020E7640000020000009CC420302694194166666696207551411283C04AC79319419A99998918755141');
INSERT INTO "sample_epaswmm"."arc" VALUES ('A219', 'N93', 'N88', 0.1000, 0.1000, 'CC040', 'Concret', 'CONDUIT', 'sector_01', '0102000020E7640000020000000C022B071F9619413333331330755141E926318828961941EC51B80E3A755141');
INSERT INTO "sample_epaswmm"."arc" VALUES ('A220', 'N105', 'N104', 0.1000, 0.1000, 'CC040', 'Concret', 'CONDUIT', 'sector_01', '0102000020E764000002000000F4FDD47873961941713D0AF76F755141E926318852961941295C8FA263755141');
INSERT INTO "sample_epaswmm"."arc" VALUES ('A221', 'N104', 'N40', 0.1000, 0.1000, 'CC040', 'Concret', 'CONDUIT', 'sector_01', '0102000020E764000002000000E926318852961941295C8FA26375514139B4C8F690961941C3F5284C5B755141');
INSERT INTO "sample_epaswmm"."arc" VALUES ('A222', 'N56', 'N55', 0.1000, 0.1000, 'CC040', 'Concret', 'CONDUIT', 'sector_01', '0102000020E764000002000000560E2DB28C92194114AE47019B7551417B14AEC729921941000000A091755141');
INSERT INTO "sample_epaswmm"."arc" VALUES ('A223', 'N55', 'N54', 0.1000, 0.1000, 'CC040', 'PVC', 'CONDUIT', 'sector_01', '0102000020E7640000020000007B14AEC729921941000000A091755141DF4F8D17C99119416666662688755141');
INSERT INTO "sample_epaswmm"."arc" VALUES ('A224', 'N53', 'N54', 0.1000, 0.1000, 'CC040', 'Concret', 'CONDUIT', 'sector_01', '0102000020E76400000200000021B072682B91194185EB51D889755141DF4F8D17C99119416666662688755141');
INSERT INTO "sample_epaswmm"."arc" VALUES ('A225', 'N54', 'N57', 0.1000, 0.1000, 'CC060', 'Concret', 'CONDUIT', 'sector_01', '0102000020E764000002000000DF4F8D17C991194166666626887551413D0AD7A36592194152B81E1586755141');
INSERT INTO "sample_epaswmm"."arc" VALUES ('A226', 'N57', 'N58', 0.1000, 0.1000, 'CC060', 'Concret', 'CONDUIT', 'sector_01', '0102000020E7640000020000003D0AD7A36592194152B81E1586755141BE9F1A2F0293194148E17A0484755141');
INSERT INTO "sample_epaswmm"."arc" VALUES ('A227', 'N58', 'N59', 0.1000, 0.2000, 'CC060', 'Concret', 'CONDUIT', 'sector_01', '0102000020E764000002000000BE9F1A2F0293194148E17A04847551419A9999998593194114AE471182755141');
INSERT INTO "sample_epaswmm"."arc" VALUES ('A228', 'N59', 'N61', 0.1000, 0.1000, 'CC060', 'Concret', 'CONDUIT', 'sector_01', '0102000020E7640000020000009A9999998593194114AE4711827551414C3789C16693194114AE474178755141');
INSERT INTO "sample_epaswmm"."arc" VALUES ('A229', 'N61', 'N62', 0.1000, 0.1000, 'CC060', 'Concret', 'CONDUIT', 'sector_01', '0102000020E7640000020000004C3789C16693194114AE47417875514121B072E84793194114AE47716E755141');
INSERT INTO "sample_epaswmm"."arc" VALUES ('A230', 'N62', 'N36', 0.1000, 0.1000, 'CC060', 'Concret', 'CONDUIT', 'sector_01', '0102000020E76400000200000021B072E84793194114AE47716E755141BC7493182B931941CDCCCC1C65755141');
INSERT INTO "sample_epaswmm"."arc" VALUES ('A231', 'N60', 'N59', 0.1000, 0.1000, 'CC040', 'Concret', 'CONDUIT', 'sector_01', '0102000020E7640000020000009A999999F19319415C8FC2958C7551419A9999998593194114AE471182755141');
INSERT INTO "sample_epaswmm"."arc" VALUES ('A232', 'N233', 'N110', 0.1000, 0.1000, 'CC040', 'Concret', 'CONDUIT', 'sector_01', '0102000020E764000002000000E926318879961941713D0A072D755141D9CEF7531897194114AE47412E755141');
INSERT INTO "sample_epaswmm"."arc" VALUES ('A235', 'N123', 'N234', 0.1000, 0.1000, 'RC200', 'Concret', 'CONDUIT', 'sector_01', '0102000020E764000002000000355EBA49079B1941713D0AD73E75514148E17A14919B194114AE47C139755141');
INSERT INTO "sample_epaswmm"."arc" VALUES ('A236', 'N29', 'N30', 0.1000, 0.1000, 'CC040', 'Concret', 'CONDUIT', 'sector_01', '0102000020E76400000300000023DBF9FEC49019415C8FC215A7755141EE4D624AA59019415361EC1AA475514104560EAD919019415C8FC28595755141');
INSERT INTO "sample_epaswmm"."arc" VALUES ('A237', 'N121', 'N122', 0.1000, 0.1000, 'CC080', 'Concret', 'CONDUIT', 'sector_01', '0102000020E7640000050000005EBA498CF796194133333313737551419521F4667B971941E09CB0E16C7551417CA46FD0A6971941FDCF35B06A755141FAA038D6D2971941383ED42A68755141D34D62100198194185EB516865755141');
INSERT INTO "sample_epaswmm"."arc" VALUES ('A238', 'N68', 'N82', 0.1000, 0.1000, 'CC060', 'Concret', 'CONDUIT', 'sector_01', '0102000020E7640000030000000C022B07C392194114AE477147755141B35C07F06F9319411F704590407551411904560EDE93194148E17A643E755141');
INSERT INTO "sample_epaswmm"."arc" VALUES ('A239', 'N92', 'N94', 0.1000, 0.1000, 'CC060', 'Concret', 'CONDUIT', 'sector_01', '0102000020E7640000070000009A999999EB941941EC51B8BE00755141951BE52A239519417D40619FFC745141FD947A9B3E9519416A41C44BFB74514172746CB46095194120FEC398FA745141BF3F83C78D951941905EB1B0FA745141FC8E5CA5B4951941AACB9453FB745141D578E926FB9519417B14AE67FD745141');


-- ----------------------------
-- Records of inp_aquifer
-- ----------------------------
 
 

-- ----------------------------
-- Records of inp_backdrop
-- ----------------------------
 
 

-- ----------------------------
-- Records of inp_buildup_land_x_pol
-- ----------------------------
 
 

-- ----------------------------
-- Records of inp_conduit
-- ----------------------------
INSERT INTO "sample_epaswmm"."inp_conduit" VALUES ('A133', '1', null, '0.0000', '0.0000', '0.0000', 'NO', 0, 0);
INSERT INTO "sample_epaswmm"."inp_conduit" VALUES ('A134', '1', null, '0.0000', '0.0000', '0.0000', 'NO', 0, 0);
INSERT INTO "sample_epaswmm"."inp_conduit" VALUES ('A135', '1', null, '0.0000', '0.0000', '0.0000', 'NO', 0, 0);
INSERT INTO "sample_epaswmm"."inp_conduit" VALUES ('A136', '1', null, '0.0000', '0.0000', '0.0000', 'NO', 0, 0);
INSERT INTO "sample_epaswmm"."inp_conduit" VALUES ('A137', '1', null, '0.0000', '0.0000', '0.0000', 'NO', 0, 0);
INSERT INTO "sample_epaswmm"."inp_conduit" VALUES ('A138', '1', null, '0.0000', '0.0000', '0.0000', 'NO', 0, 0);
INSERT INTO "sample_epaswmm"."inp_conduit" VALUES ('A139', '1', null, '0.0000', '0.0000', '0.0000', 'NO', 0, 0);
INSERT INTO "sample_epaswmm"."inp_conduit" VALUES ('A140', '1', null, '0.0000', '0.0000', '0.0000', 'NO', 0, 0);
INSERT INTO "sample_epaswmm"."inp_conduit" VALUES ('A141', '1', null, '0.0000', '0.0000', '0.0000', 'NO', 0, 0);
INSERT INTO "sample_epaswmm"."inp_conduit" VALUES ('A142', '1', null, '0.0000', '0.0000', '0.0000', 'NO', 0, 0);
INSERT INTO "sample_epaswmm"."inp_conduit" VALUES ('A143', '1', null, '0.0000', '0.0000', '0.0000', 'NO', 0, 0);
INSERT INTO "sample_epaswmm"."inp_conduit" VALUES ('A144', '1', null, '0.0000', '0.0000', '0.0000', 'NO', 0, 0);
INSERT INTO "sample_epaswmm"."inp_conduit" VALUES ('A145', '1', null, '0.0000', '0.0000', '0.0000', 'NO', 0, 0);
INSERT INTO "sample_epaswmm"."inp_conduit" VALUES ('A146', '1', null, '0.0000', '0.0000', '0.0000', 'NO', 0, 0);
INSERT INTO "sample_epaswmm"."inp_conduit" VALUES ('A147', '1', null, '0.0000', '0.0000', '0.0000', 'NO', 0, 0);
INSERT INTO "sample_epaswmm"."inp_conduit" VALUES ('A148', '1', null, '0.0000', '0.0000', '0.0000', 'NO', 0, 0);
INSERT INTO "sample_epaswmm"."inp_conduit" VALUES ('A149', '1', null, '0.0000', '0.0000', '0.0000', 'NO', 0, 0);
INSERT INTO "sample_epaswmm"."inp_conduit" VALUES ('A150', '1', null, '0.0000', '0.0000', '0.0000', 'NO', 0, 0);
INSERT INTO "sample_epaswmm"."inp_conduit" VALUES ('A151', '1', null, '0.0000', '0.0000', '0.0000', 'NO', 0, 0);
INSERT INTO "sample_epaswmm"."inp_conduit" VALUES ('A152', '1', null, '0.0000', '0.0000', '0.0000', 'NO', 0, 0);
INSERT INTO "sample_epaswmm"."inp_conduit" VALUES ('A153', '1', null, '0.0000', '0.0000', '0.0000', 'NO', 0, 0);
INSERT INTO "sample_epaswmm"."inp_conduit" VALUES ('A154', '1', null, '0.0000', '0.0000', '0.0000', 'NO', 0, 0);
INSERT INTO "sample_epaswmm"."inp_conduit" VALUES ('A155', '1', null, '0.0000', '0.0000', '0.0000', 'NO', 0, 0);
INSERT INTO "sample_epaswmm"."inp_conduit" VALUES ('A156', '1', null, '0.0000', '0.0000', '0.0000', 'NO', 0, 0);
INSERT INTO "sample_epaswmm"."inp_conduit" VALUES ('A157', '1', null, '0.0000', '0.0000', '0.0000', 'NO', 0, 0);
INSERT INTO "sample_epaswmm"."inp_conduit" VALUES ('A158', '1', null, '0.0000', '0.0000', '0.0000', 'NO', 0, 0);
INSERT INTO "sample_epaswmm"."inp_conduit" VALUES ('A159', '1', null, '0.0000', '0.0000', '0.0000', 'NO', 0, 0);
INSERT INTO "sample_epaswmm"."inp_conduit" VALUES ('A160', '1', null, '0.0000', '0.0000', '0.0000', 'NO', 0, 0);
INSERT INTO "sample_epaswmm"."inp_conduit" VALUES ('A161', '1', null, '0.0000', '0.0000', '0.0000', 'NO', 0, 0);
INSERT INTO "sample_epaswmm"."inp_conduit" VALUES ('A162', '1', null, '0.0000', '0.0000', '0.0000', 'NO', 0, 0);
INSERT INTO "sample_epaswmm"."inp_conduit" VALUES ('A163', '1', null, '0.0000', '0.0000', '0.0000', 'NO', 0, 0);
INSERT INTO "sample_epaswmm"."inp_conduit" VALUES ('A164', '1', null, '0.0000', '0.0000', '0.0000', 'NO', 0, 0);
INSERT INTO "sample_epaswmm"."inp_conduit" VALUES ('A165', '1', null, '0.0000', '0.0000', '0.0000', 'NO', 0, 0);
INSERT INTO "sample_epaswmm"."inp_conduit" VALUES ('A166', '1', null, '0.0000', '0.0000', '0.0000', 'NO', 0, 0);
INSERT INTO "sample_epaswmm"."inp_conduit" VALUES ('A167', '1', null, '0.0000', '0.0000', '0.0000', 'NO', 0, 0);
INSERT INTO "sample_epaswmm"."inp_conduit" VALUES ('A168', '1', null, '0.0000', '0.0000', '0.0000', 'NO', 0, 0);
INSERT INTO "sample_epaswmm"."inp_conduit" VALUES ('A169', '1', null, '0.0000', '0.0000', '0.0000', 'NO', 0, 0);
INSERT INTO "sample_epaswmm"."inp_conduit" VALUES ('A170', '1', null, '0.0000', '0.0000', '0.0000', 'NO', 0, 0);
INSERT INTO "sample_epaswmm"."inp_conduit" VALUES ('A171', '1', null, '0.0000', '0.0000', '0.0000', 'NO', 0, 0);
INSERT INTO "sample_epaswmm"."inp_conduit" VALUES ('A172', '1', null, '0.0000', '0.0000', '0.0000', 'NO', 0, 0);
INSERT INTO "sample_epaswmm"."inp_conduit" VALUES ('A173', '1', null, '0.0000', '0.0000', '0.0000', 'NO', 0, 0);
INSERT INTO "sample_epaswmm"."inp_conduit" VALUES ('A174', '1', null, '0.0000', '0.0000', '0.0000', 'NO', 0, 0);
INSERT INTO "sample_epaswmm"."inp_conduit" VALUES ('A175', '1', null, '0.0000', '0.0000', '0.0000', 'NO', 0, 0);
INSERT INTO "sample_epaswmm"."inp_conduit" VALUES ('A176', '1', null, '0.0000', '0.0000', '0.0000', 'NO', 0, 0);
INSERT INTO "sample_epaswmm"."inp_conduit" VALUES ('A177', '1', null, '0.0000', '0.0000', '0.0000', 'NO', 0, 0);
INSERT INTO "sample_epaswmm"."inp_conduit" VALUES ('A178', '1', null, '0.0000', '0.0000', '0.0000', 'NO', 0, 0);
INSERT INTO "sample_epaswmm"."inp_conduit" VALUES ('A179', '1', null, '0.0000', '0.0000', '0.0000', 'NO', 0, 0);
INSERT INTO "sample_epaswmm"."inp_conduit" VALUES ('A180', '1', null, '0.0000', '0.0000', '0.0000', 'NO', 0, 0);
INSERT INTO "sample_epaswmm"."inp_conduit" VALUES ('A181', '1', null, '0.0000', '0.0000', '0.0000', 'NO', 0, 0);
INSERT INTO "sample_epaswmm"."inp_conduit" VALUES ('A182', '1', null, '0.0000', '0.0000', '0.0000', 'NO', 0, 0);
INSERT INTO "sample_epaswmm"."inp_conduit" VALUES ('A183', '1', null, '0.0000', '0.0000', '0.0000', 'NO', 0, 0);
INSERT INTO "sample_epaswmm"."inp_conduit" VALUES ('A184', '1', null, '0.0000', '0.0000', '0.0000', 'NO', 0, 0);
INSERT INTO "sample_epaswmm"."inp_conduit" VALUES ('A185', '1', null, '0.0000', '0.0000', '0.0000', 'NO', 0, 0);
INSERT INTO "sample_epaswmm"."inp_conduit" VALUES ('A186', '1', null, '0.0000', '0.0000', '0.0000', 'NO', 0, 0);
INSERT INTO "sample_epaswmm"."inp_conduit" VALUES ('A187', '1', null, '0.0000', '0.0000', '0.0000', 'NO', 0, 0);
INSERT INTO "sample_epaswmm"."inp_conduit" VALUES ('A188', '1', null, '0.0000', '0.0000', '0.0000', 'NO', 0, 0);
INSERT INTO "sample_epaswmm"."inp_conduit" VALUES ('A189', '1', null, '0.0000', '0.0000', '0.0000', 'NO', 0, 0);
INSERT INTO "sample_epaswmm"."inp_conduit" VALUES ('A190', '1', null, '0.0000', '0.0000', '0.0000', 'NO', 0, 0);
INSERT INTO "sample_epaswmm"."inp_conduit" VALUES ('A191', '1', null, '0.0000', '0.0000', '0.0000', 'NO', 0, 0);
INSERT INTO "sample_epaswmm"."inp_conduit" VALUES ('A192', '1', null, '0.0000', '0.0000', '0.0000', 'NO', 0, 0);
INSERT INTO "sample_epaswmm"."inp_conduit" VALUES ('A193', '1', null, '0.0000', '0.0000', '0.0000', 'NO', 0, 0);
INSERT INTO "sample_epaswmm"."inp_conduit" VALUES ('A194', '1', null, '0.0000', '0.0000', '0.0000', 'NO', 0, 0);
INSERT INTO "sample_epaswmm"."inp_conduit" VALUES ('A195', '1', null, '0.0000', '0.0000', '0.0000', 'NO', 0, 0);
INSERT INTO "sample_epaswmm"."inp_conduit" VALUES ('A196', '1', null, '0.0000', '0.0000', '0.0000', 'NO', 0, 0);
INSERT INTO "sample_epaswmm"."inp_conduit" VALUES ('A197', '1', null, '0.0000', '0.0000', '0.0000', 'NO', 0, 0);
INSERT INTO "sample_epaswmm"."inp_conduit" VALUES ('A198', '1', null, '0.0000', '0.0000', '0.0000', 'NO', 0, 0);
INSERT INTO "sample_epaswmm"."inp_conduit" VALUES ('A199', '1', null, '0.0000', '0.0000', '0.0000', 'NO', 0, 0);
INSERT INTO "sample_epaswmm"."inp_conduit" VALUES ('A200', '1', null, '0.0000', '0.0000', '0.0000', 'NO', 0, 0);
INSERT INTO "sample_epaswmm"."inp_conduit" VALUES ('A201', '1', null, '0.0000', '0.0000', '0.0000', 'NO', 0, 0);
INSERT INTO "sample_epaswmm"."inp_conduit" VALUES ('A202', '1', null, '0.0000', '0.0000', '0.0000', 'NO', 0, 0);
INSERT INTO "sample_epaswmm"."inp_conduit" VALUES ('A203', '1', null, '0.0000', '0.0000', '0.0000', 'NO', 0, 0);
INSERT INTO "sample_epaswmm"."inp_conduit" VALUES ('A204', '1', null, '0.0000', '0.0000', '0.0000', 'NO', 0, 0);
INSERT INTO "sample_epaswmm"."inp_conduit" VALUES ('A205', '1', null, '0.0000', '0.0000', '0.0000', 'NO', 0, 0);
INSERT INTO "sample_epaswmm"."inp_conduit" VALUES ('A206', '1', null, '0.0000', '0.0000', '0.0000', 'NO', 0, 0);
INSERT INTO "sample_epaswmm"."inp_conduit" VALUES ('A207', '1', null, '0.0000', '0.0000', '0.0000', 'NO', 0, 0);
INSERT INTO "sample_epaswmm"."inp_conduit" VALUES ('A209', '1', null, '0.0000', '0.0000', '0.0000', 'NO', 0, 0);
INSERT INTO "sample_epaswmm"."inp_conduit" VALUES ('A210', '1', null, '0.0000', '0.0000', '0.0000', 'NO', 0, 0);
INSERT INTO "sample_epaswmm"."inp_conduit" VALUES ('A211', '1', null, '0.0000', '0.0000', '0.0000', 'NO', 0, 0);
INSERT INTO "sample_epaswmm"."inp_conduit" VALUES ('A212', '1', null, '0.0000', '0.0000', '0.0000', 'NO', 0, 0);
INSERT INTO "sample_epaswmm"."inp_conduit" VALUES ('A213', '1', null, '0.0000', '0.0000', '0.0000', 'NO', 0, 0);
INSERT INTO "sample_epaswmm"."inp_conduit" VALUES ('A214', '1', null, '0.0000', '0.0000', '0.0000', 'NO', 0, 0);
INSERT INTO "sample_epaswmm"."inp_conduit" VALUES ('A215', '1', null, '0.0000', '0.0000', '0.0000', 'NO', 0, 0);
INSERT INTO "sample_epaswmm"."inp_conduit" VALUES ('A216', '1', null, '0.0000', '0.0000', '0.0000', 'NO', 0, 0);
INSERT INTO "sample_epaswmm"."inp_conduit" VALUES ('A217', '1', null, '0.0000', '0.0000', '0.0000', 'NO', 0, 0);
INSERT INTO "sample_epaswmm"."inp_conduit" VALUES ('A218', '1', null, '0.0000', '0.0000', '0.0000', 'NO', 0, 0);
INSERT INTO "sample_epaswmm"."inp_conduit" VALUES ('A219', '1', null, '0.0000', '0.0000', '0.0000', 'NO', 0, 0);
INSERT INTO "sample_epaswmm"."inp_conduit" VALUES ('A220', '1', null, '0.0000', '0.0000', '0.0000', 'NO', 0, 0);
INSERT INTO "sample_epaswmm"."inp_conduit" VALUES ('A221', '1', null, '0.0000', '0.0000', '0.0000', 'NO', 0, 0);
INSERT INTO "sample_epaswmm"."inp_conduit" VALUES ('A222', '1', null, '0.0000', '0.0000', '0.0000', 'NO', 0, 0);
INSERT INTO "sample_epaswmm"."inp_conduit" VALUES ('A223', '1', null, '0.0000', '0.0000', '0.0000', 'NO', 0, 0);
INSERT INTO "sample_epaswmm"."inp_conduit" VALUES ('A224', '1', null, '0.0000', '0.0000', '0.0000', 'NO', 0, 0);
INSERT INTO "sample_epaswmm"."inp_conduit" VALUES ('A225', '1', null, '0.0000', '0.0000', '0.0000', 'NO', 0, 0);
INSERT INTO "sample_epaswmm"."inp_conduit" VALUES ('A226', '1', null, '0.0000', '0.0000', '0.0000', 'NO', 0, 0);
INSERT INTO "sample_epaswmm"."inp_conduit" VALUES ('A227', '1', null, '0.0000', '0.0000', '0.0000', 'NO', 0, 0);
INSERT INTO "sample_epaswmm"."inp_conduit" VALUES ('A228', '1', null, '0.0000', '0.0000', '0.0000', 'NO', 0, 0);
INSERT INTO "sample_epaswmm"."inp_conduit" VALUES ('A229', '1', null, '0.0000', '0.0000', '0.0000', 'NO', 0, 0);
INSERT INTO "sample_epaswmm"."inp_conduit" VALUES ('A230', '1', null, '0.0000', '0.0000', '0.0000', 'NO', 0, 0);
INSERT INTO "sample_epaswmm"."inp_conduit" VALUES ('A231', '1', null, '0.0000', '0.0000', '0.0000', 'NO', 0, 0);
INSERT INTO "sample_epaswmm"."inp_conduit" VALUES ('A232', '1', null, '0.0000', '0.0000', '0.0000', 'NO', 0, 0);
INSERT INTO "sample_epaswmm"."inp_conduit" VALUES ('A235', '1', null, '0.0000', '0.0000', '0.0000', 'NO', 0, 0);
INSERT INTO "sample_epaswmm"."inp_conduit" VALUES ('A236', '1', null, '0.0000', '0.0000', '0.0000', 'NO', 0, 0);
INSERT INTO "sample_epaswmm"."inp_conduit" VALUES ('A237', '1', null, '0.0000', '0.0000', '0.0000', 'NO', 0, 0);
INSERT INTO "sample_epaswmm"."inp_conduit" VALUES ('A238', '1', null, '0.0000', '0.0000', '0.0000', 'NO', 0, 0);
INSERT INTO "sample_epaswmm"."inp_conduit" VALUES ('A239', '1', null, '0.0000', '0.0000', '0.0000', 'NO', 0, 0);


-- ----------------------------
-- Records of inp_controls
-- ----------------------------
 
 

-- ----------------------------
-- Records of inp_coverage_land_x_subc
-- ----------------------------
 
 

-- ----------------------------
-- Records of inp_curve
-- ----------------------------
 
 

-- ----------------------------
-- Records of inp_curve_id
-- ----------------------------
 
 

-- ----------------------------
-- Records of inp_divider
-- ----------------------------
 
 

-- ----------------------------
-- Records of inp_dwf
-- ----------------------------
INSERT INTO "sample_epaswmm"."inp_dwf" VALUES ('1', 'N33', '0.00015', null, null, null, null);
INSERT INTO "sample_epaswmm"."inp_dwf" VALUES ('2', 'N32', '0.00012', null, null, null, null);
INSERT INTO "sample_epaswmm"."inp_dwf" VALUES ('3', 'N31', '0.00008', null, null, null, null);
INSERT INTO "sample_epaswmm"."inp_dwf" VALUES ('4', 'N30', '0.00021', null, null, null, null);
INSERT INTO "sample_epaswmm"."inp_dwf" VALUES ('5', 'N29', '0.00019', null, null, null, null);
INSERT INTO "sample_epaswmm"."inp_dwf" VALUES ('6', 'N233', '0.00013', null, null, null, null);
INSERT INTO "sample_epaswmm"."inp_dwf" VALUES ('7', 'N132', '0.00018', null, null, null, null);
INSERT INTO "sample_epaswmm"."inp_dwf" VALUES ('8', 'N131', '0.00023', null, null, null, null);
INSERT INTO "sample_epaswmm"."inp_dwf" VALUES ('9', 'N130', '0.00021', null, null, null, null);
INSERT INTO "sample_epaswmm"."inp_dwf" VALUES ('10', 'N129', '0.00021', null, null, null, null);
INSERT INTO "sample_epaswmm"."inp_dwf" VALUES ('11', 'N128', '0.00021', null, null, null, null);
INSERT INTO "sample_epaswmm"."inp_dwf" VALUES ('12', 'N127', '0.00021', null, null, null, null);
INSERT INTO "sample_epaswmm"."inp_dwf" VALUES ('13', 'N126', '0.00022', null, null, null, null);
INSERT INTO "sample_epaswmm"."inp_dwf" VALUES ('14', 'N125', '0.00013', null, null, null, null);
INSERT INTO "sample_epaswmm"."inp_dwf" VALUES ('15', 'N124', '0.00016', null, null, null, null);
INSERT INTO "sample_epaswmm"."inp_dwf" VALUES ('16', 'N123', '0.00009', null, null, null, null);
INSERT INTO "sample_epaswmm"."inp_dwf" VALUES ('17', 'N122', '0.00013', null, null, null, null);
INSERT INTO "sample_epaswmm"."inp_dwf" VALUES ('18', 'N121', '0.00014', null, null, null, null);
INSERT INTO "sample_epaswmm"."inp_dwf" VALUES ('19', 'N120', '0.00008', null, null, null, null);
INSERT INTO "sample_epaswmm"."inp_dwf" VALUES ('20', 'N119', '0.00020', null, null, null, null);
INSERT INTO "sample_epaswmm"."inp_dwf" VALUES ('21', 'N118', '0.00024', null, null, null, null);
INSERT INTO "sample_epaswmm"."inp_dwf" VALUES ('22', 'N117', '0.00019', null, null, null, null);
INSERT INTO "sample_epaswmm"."inp_dwf" VALUES ('23', 'N116', '0.00008', null, null, null, null);
INSERT INTO "sample_epaswmm"."inp_dwf" VALUES ('24', 'N115', '0.00009', null, null, null, null);
INSERT INTO "sample_epaswmm"."inp_dwf" VALUES ('25', 'N114', '0.00014', null, null, null, null);
INSERT INTO "sample_epaswmm"."inp_dwf" VALUES ('26', 'N113', '0.00006', null, null, null, null);
INSERT INTO "sample_epaswmm"."inp_dwf" VALUES ('27', 'N112', '0.00013', null, null, null, null);
INSERT INTO "sample_epaswmm"."inp_dwf" VALUES ('28', 'N111', '0.00021', null, null, null, null);
INSERT INTO "sample_epaswmm"."inp_dwf" VALUES ('29', 'N110', '0.00034', null, null, null, null);
INSERT INTO "sample_epaswmm"."inp_dwf" VALUES ('30', 'N109', '0.00033', null, null, null, null);
INSERT INTO "sample_epaswmm"."inp_dwf" VALUES ('31', 'N108', '0.00035', null, null, null, null);
INSERT INTO "sample_epaswmm"."inp_dwf" VALUES ('32', 'N107', '0.00033', null, null, null, null);
INSERT INTO "sample_epaswmm"."inp_dwf" VALUES ('33', 'N106', '0.00023', null, null, null, null);
INSERT INTO "sample_epaswmm"."inp_dwf" VALUES ('34', 'N105', '0.00021', null, null, null, null);
INSERT INTO "sample_epaswmm"."inp_dwf" VALUES ('35', 'N104', '0.00020', null, null, null, null);
INSERT INTO "sample_epaswmm"."inp_dwf" VALUES ('36', 'N102', '0.00032', null, null, null, null);
INSERT INTO "sample_epaswmm"."inp_dwf" VALUES ('37', 'N101', '0.00028', null, null, null, null);
INSERT INTO "sample_epaswmm"."inp_dwf" VALUES ('38', 'N100', '0.00016', null, null, null, null);
INSERT INTO "sample_epaswmm"."inp_dwf" VALUES ('39', 'N99', '0.00021', null, null, null, null);
INSERT INTO "sample_epaswmm"."inp_dwf" VALUES ('40', 'N98', '0.00033', null, null, null, null);
INSERT INTO "sample_epaswmm"."inp_dwf" VALUES ('41', 'N97', '0.00031', null, null, null, null);
INSERT INTO "sample_epaswmm"."inp_dwf" VALUES ('42', 'N96', '0.00018', null, null, null, null);
INSERT INTO "sample_epaswmm"."inp_dwf" VALUES ('43', 'N95', '0.00014', null, null, null, null);
INSERT INTO "sample_epaswmm"."inp_dwf" VALUES ('44', 'N94', '0.00028', null, null, null, null);
INSERT INTO "sample_epaswmm"."inp_dwf" VALUES ('45', 'N93', '0.00014', null, null, null, null);
INSERT INTO "sample_epaswmm"."inp_dwf" VALUES ('46', 'N92', '0.00024', null, null, null, null);
INSERT INTO "sample_epaswmm"."inp_dwf" VALUES ('47', 'N91', '0.00019', null, null, null, null);
INSERT INTO "sample_epaswmm"."inp_dwf" VALUES ('48', 'N90', '0.00018', null, null, null, null);
INSERT INTO "sample_epaswmm"."inp_dwf" VALUES ('49', 'N89', '0.00016', null, null, null, null);
INSERT INTO "sample_epaswmm"."inp_dwf" VALUES ('50', 'N88', '0.00017', null, null, null, null);
INSERT INTO "sample_epaswmm"."inp_dwf" VALUES ('51', 'N87', '0.00014', null, null, null, null);
INSERT INTO "sample_epaswmm"."inp_dwf" VALUES ('52', 'N86', '0.00011', null, null, null, null);
INSERT INTO "sample_epaswmm"."inp_dwf" VALUES ('53', 'N85', '0.00013', null, null, null, null);
INSERT INTO "sample_epaswmm"."inp_dwf" VALUES ('54', 'N84', '0.00030', null, null, null, null);
INSERT INTO "sample_epaswmm"."inp_dwf" VALUES ('55', 'N83', '0.00022', null, null, null, null);
INSERT INTO "sample_epaswmm"."inp_dwf" VALUES ('56', 'N82', '0.00039', null, null, null, null);
INSERT INTO "sample_epaswmm"."inp_dwf" VALUES ('57', 'N81', '0.00015', null, null, null, null);
INSERT INTO "sample_epaswmm"."inp_dwf" VALUES ('58', 'N80', '0.00034', null, null, null, null);
INSERT INTO "sample_epaswmm"."inp_dwf" VALUES ('59', 'N79', '0.00030', null, null, null, null);
INSERT INTO "sample_epaswmm"."inp_dwf" VALUES ('60', 'N78', '0.00016', null, null, null, null);
INSERT INTO "sample_epaswmm"."inp_dwf" VALUES ('61', 'N77', '0.00020', null, null, null, null);
INSERT INTO "sample_epaswmm"."inp_dwf" VALUES ('62', 'N76', '0.00012', null, null, null, null);
INSERT INTO "sample_epaswmm"."inp_dwf" VALUES ('63', 'N75', '0.00011', null, null, null, null);
INSERT INTO "sample_epaswmm"."inp_dwf" VALUES ('64', 'N74', '0.00015', null, null, null, null);
INSERT INTO "sample_epaswmm"."inp_dwf" VALUES ('65', 'N73', '0.00035', null, null, null, null);
INSERT INTO "sample_epaswmm"."inp_dwf" VALUES ('66', 'N72', '0.00015', null, null, null, null);
INSERT INTO "sample_epaswmm"."inp_dwf" VALUES ('67', 'N71', '0.00024', null, null, null, null);
INSERT INTO "sample_epaswmm"."inp_dwf" VALUES ('68', 'N70', '0.00014', null, null, null, null);
INSERT INTO "sample_epaswmm"."inp_dwf" VALUES ('69', 'N69', '0.00027', null, null, null, null);
INSERT INTO "sample_epaswmm"."inp_dwf" VALUES ('70', 'N68', '0.00033', null, null, null, null);

INSERT INTO "sample_epaswmm"."inp_dwf" VALUES ('71', 'N67', '0.00020', null, null, null, null);
INSERT INTO "sample_epaswmm"."inp_dwf" VALUES ('72', 'N66', '0.00006', null, null, null, null);
INSERT INTO "sample_epaswmm"."inp_dwf" VALUES ('73', 'N65', '0.00016', null, null, null, null);
INSERT INTO "sample_epaswmm"."inp_dwf" VALUES ('74', 'N64', '0.00027', null, null, null, null);
INSERT INTO "sample_epaswmm"."inp_dwf" VALUES ('75', 'N63', '0.00024', null, null, null, null);
INSERT INTO "sample_epaswmm"."inp_dwf" VALUES ('76', 'N62', '0.00021', null, null, null, null);
INSERT INTO "sample_epaswmm"."inp_dwf" VALUES ('77', 'N61', '0.00031', null, null, null, null);
INSERT INTO "sample_epaswmm"."inp_dwf" VALUES ('78', 'N60', '0.00015', null, null, null, null);
INSERT INTO "sample_epaswmm"."inp_dwf" VALUES ('79', 'N59', '0.00020', null, null, null, null);
INSERT INTO "sample_epaswmm"."inp_dwf" VALUES ('80', 'N58', '0.00020', null, null, null, null);
INSERT INTO "sample_epaswmm"."inp_dwf" VALUES ('81', 'N57', '0.00024', null, null, null, null);
INSERT INTO "sample_epaswmm"."inp_dwf" VALUES ('82', 'N56', '0.00014', null, null, null, null);
INSERT INTO "sample_epaswmm"."inp_dwf" VALUES ('83', 'N55', '0.00026', null, null, null, null);
INSERT INTO "sample_epaswmm"."inp_dwf" VALUES ('84', 'N54', '0.00023', null, null, null, null);
INSERT INTO "sample_epaswmm"."inp_dwf" VALUES ('85', 'N53', '0.00021', null, null, null, null);
INSERT INTO "sample_epaswmm"."inp_dwf" VALUES ('86', 'N52', '0.00030', null, null, null, null);
INSERT INTO "sample_epaswmm"."inp_dwf" VALUES ('87', 'N51', '0.00025', null, null, null, null);
INSERT INTO "sample_epaswmm"."inp_dwf" VALUES ('88', 'N50', '0.00012', null, null, null, null);
INSERT INTO "sample_epaswmm"."inp_dwf" VALUES ('89', 'N49', '0.00017', null, null, null, null);
INSERT INTO "sample_epaswmm"."inp_dwf" VALUES ('90', 'N48', '0.00013', null, null, null, null);
INSERT INTO "sample_epaswmm"."inp_dwf" VALUES ('91', 'N47', '0.00006', null, null, null, null);
INSERT INTO "sample_epaswmm"."inp_dwf" VALUES ('92', 'N46', '0.00009', null, null, null, null);
INSERT INTO "sample_epaswmm"."inp_dwf" VALUES ('93', 'N45', '0.00008', null, null, null, null);
INSERT INTO "sample_epaswmm"."inp_dwf" VALUES ('94', 'N44', '0.00012', null, null, null, null);
INSERT INTO "sample_epaswmm"."inp_dwf" VALUES ('95', 'N43', '0.00010', null, null, null, null);
INSERT INTO "sample_epaswmm"."inp_dwf" VALUES ('96', 'N42', '0.00021', null, null, null, null);
INSERT INTO "sample_epaswmm"."inp_dwf" VALUES ('97', 'N41', '0.00031', null, null, null, null);
INSERT INTO "sample_epaswmm"."inp_dwf" VALUES ('98', 'N40', '0.00015', null, null, null, null);
INSERT INTO "sample_epaswmm"."inp_dwf" VALUES ('99', 'N39', '0.00013', null, null, null, null);
INSERT INTO "sample_epaswmm"."inp_dwf" VALUES ('100', 'N38', '0.00024', null, null, null, null);
INSERT INTO "sample_epaswmm"."inp_dwf" VALUES ('101', 'N37', '0.00025', null, null, null, null);
INSERT INTO "sample_epaswmm"."inp_dwf" VALUES ('102', 'N36', '0.00014', null, null, null, null);
INSERT INTO "sample_epaswmm"."inp_dwf" VALUES ('103', 'N35', '0.00017', null, null, null, null);
INSERT INTO "sample_epaswmm"."inp_dwf" VALUES ('104', 'N34', '0.00009', null, null, null, null);
INSERT INTO "sample_epaswmm"."inp_dwf" VALUES ('105', 'N234', '0.00004', null, null, null, null);


-- ----------------------------
-- Records of inp_dwf_pol_x_node
-- ----------------------------
 
 

-- ----------------------------
-- Records of inp_evaporation
-- ----------------------------
 
 

-- ----------------------------
-- Records of inp_files
-- ----------------------------
 
 

-- ----------------------------
-- Records of inp_groundwater
-- ----------------------------
 
 

-- ----------------------------
-- Records of inp_hydrograph
-- ----------------------------
 
 

-- ----------------------------
-- Records of inp_inflows
-- ----------------------------
 
 

-- ----------------------------
-- Records of inp_inflows_pol_x_node
-- ----------------------------
 
 

-- ----------------------------
-- Records of inp_junction
-- ----------------------------
INSERT INTO "sample_epaswmm"."inp_junction" VALUES ('N100', null, null, null);
INSERT INTO "sample_epaswmm"."inp_junction" VALUES ('N101', null, null, null);
INSERT INTO "sample_epaswmm"."inp_junction" VALUES ('N102', null, null, null);
INSERT INTO "sample_epaswmm"."inp_junction" VALUES ('N104', null, null, null);
INSERT INTO "sample_epaswmm"."inp_junction" VALUES ('N105', null, null, null);
INSERT INTO "sample_epaswmm"."inp_junction" VALUES ('N106', null, null, null);
INSERT INTO "sample_epaswmm"."inp_junction" VALUES ('N107', null, null, null);
INSERT INTO "sample_epaswmm"."inp_junction" VALUES ('N108', null, null, null);
INSERT INTO "sample_epaswmm"."inp_junction" VALUES ('N109', null, null, null);
INSERT INTO "sample_epaswmm"."inp_junction" VALUES ('N110', null, null, null);
INSERT INTO "sample_epaswmm"."inp_junction" VALUES ('N111', null, null, null);
INSERT INTO "sample_epaswmm"."inp_junction" VALUES ('N112', null, null, null);
INSERT INTO "sample_epaswmm"."inp_junction" VALUES ('N113', null, null, null);
INSERT INTO "sample_epaswmm"."inp_junction" VALUES ('N114', null, null, null);
INSERT INTO "sample_epaswmm"."inp_junction" VALUES ('N115', null, null, null);
INSERT INTO "sample_epaswmm"."inp_junction" VALUES ('N116', null, null, null);
INSERT INTO "sample_epaswmm"."inp_junction" VALUES ('N117', null, null, null);
INSERT INTO "sample_epaswmm"."inp_junction" VALUES ('N118', null, null, null);
INSERT INTO "sample_epaswmm"."inp_junction" VALUES ('N119', null, null, null);
INSERT INTO "sample_epaswmm"."inp_junction" VALUES ('N120', null, null, null);
INSERT INTO "sample_epaswmm"."inp_junction" VALUES ('N121', null, null, null);
INSERT INTO "sample_epaswmm"."inp_junction" VALUES ('N122', null, null, null);
INSERT INTO "sample_epaswmm"."inp_junction" VALUES ('N123', null, null, null);
INSERT INTO "sample_epaswmm"."inp_junction" VALUES ('N124', null, null, null);
INSERT INTO "sample_epaswmm"."inp_junction" VALUES ('N125', null, null, null);
INSERT INTO "sample_epaswmm"."inp_junction" VALUES ('N126', null, null, null);
INSERT INTO "sample_epaswmm"."inp_junction" VALUES ('N127', null, null, null);
INSERT INTO "sample_epaswmm"."inp_junction" VALUES ('N128', null, null, null);
INSERT INTO "sample_epaswmm"."inp_junction" VALUES ('N129', null, null, null);
INSERT INTO "sample_epaswmm"."inp_junction" VALUES ('N130', null, null, null);
INSERT INTO "sample_epaswmm"."inp_junction" VALUES ('N131', null, null, null);
INSERT INTO "sample_epaswmm"."inp_junction" VALUES ('N132', null, null, null);
INSERT INTO "sample_epaswmm"."inp_junction" VALUES ('N233', null, null, null);
INSERT INTO "sample_epaswmm"."inp_junction" VALUES ('N29', null, null, null);
INSERT INTO "sample_epaswmm"."inp_junction" VALUES ('N30', null, null, null);
INSERT INTO "sample_epaswmm"."inp_junction" VALUES ('N31', null, null, null);
INSERT INTO "sample_epaswmm"."inp_junction" VALUES ('N32', null, null, null);
INSERT INTO "sample_epaswmm"."inp_junction" VALUES ('N33', null, null, null);
INSERT INTO "sample_epaswmm"."inp_junction" VALUES ('N34', null, null, null);
INSERT INTO "sample_epaswmm"."inp_junction" VALUES ('N35', null, null, null);
INSERT INTO "sample_epaswmm"."inp_junction" VALUES ('N36', null, null, null);
INSERT INTO "sample_epaswmm"."inp_junction" VALUES ('N37', null, null, null);
INSERT INTO "sample_epaswmm"."inp_junction" VALUES ('N38', null, null, null);
INSERT INTO "sample_epaswmm"."inp_junction" VALUES ('N39', null, null, null);
INSERT INTO "sample_epaswmm"."inp_junction" VALUES ('N40', null, null, null);
INSERT INTO "sample_epaswmm"."inp_junction" VALUES ('N41', null, null, null);
INSERT INTO "sample_epaswmm"."inp_junction" VALUES ('N42', null, null, null);
INSERT INTO "sample_epaswmm"."inp_junction" VALUES ('N43', null, null, null);
INSERT INTO "sample_epaswmm"."inp_junction" VALUES ('N44', null, null, null);
INSERT INTO "sample_epaswmm"."inp_junction" VALUES ('N45', null, null, null);
INSERT INTO "sample_epaswmm"."inp_junction" VALUES ('N46', null, null, null);
INSERT INTO "sample_epaswmm"."inp_junction" VALUES ('N47', null, null, null);
INSERT INTO "sample_epaswmm"."inp_junction" VALUES ('N48', null, null, null);
INSERT INTO "sample_epaswmm"."inp_junction" VALUES ('N49', null, null, null);
INSERT INTO "sample_epaswmm"."inp_junction" VALUES ('N50', null, null, null);
INSERT INTO "sample_epaswmm"."inp_junction" VALUES ('N51', null, null, null);
INSERT INTO "sample_epaswmm"."inp_junction" VALUES ('N52', null, null, null);
INSERT INTO "sample_epaswmm"."inp_junction" VALUES ('N53', null, null, null);
INSERT INTO "sample_epaswmm"."inp_junction" VALUES ('N54', null, null, null);
INSERT INTO "sample_epaswmm"."inp_junction" VALUES ('N55', null, null, null);
INSERT INTO "sample_epaswmm"."inp_junction" VALUES ('N56', null, null, null);
INSERT INTO "sample_epaswmm"."inp_junction" VALUES ('N57', null, null, null);
INSERT INTO "sample_epaswmm"."inp_junction" VALUES ('N58', null, null, null);
INSERT INTO "sample_epaswmm"."inp_junction" VALUES ('N59', null, null, null);
INSERT INTO "sample_epaswmm"."inp_junction" VALUES ('N60', null, null, null);
INSERT INTO "sample_epaswmm"."inp_junction" VALUES ('N61', null, null, null);
INSERT INTO "sample_epaswmm"."inp_junction" VALUES ('N62', null, null, null);
INSERT INTO "sample_epaswmm"."inp_junction" VALUES ('N63', null, null, null);
INSERT INTO "sample_epaswmm"."inp_junction" VALUES ('N64', null, null, null);
INSERT INTO "sample_epaswmm"."inp_junction" VALUES ('N65', null, null, null);
INSERT INTO "sample_epaswmm"."inp_junction" VALUES ('N66', null, null, null);
INSERT INTO "sample_epaswmm"."inp_junction" VALUES ('N67', null, null, null);
INSERT INTO "sample_epaswmm"."inp_junction" VALUES ('N68', null, null, null);
INSERT INTO "sample_epaswmm"."inp_junction" VALUES ('N69', null, null, null);
INSERT INTO "sample_epaswmm"."inp_junction" VALUES ('N70', null, null, null);
INSERT INTO "sample_epaswmm"."inp_junction" VALUES ('N71', null, null, null);
INSERT INTO "sample_epaswmm"."inp_junction" VALUES ('N72', null, null, null);
INSERT INTO "sample_epaswmm"."inp_junction" VALUES ('N73', null, null, null);
INSERT INTO "sample_epaswmm"."inp_junction" VALUES ('N74', null, null, null);
INSERT INTO "sample_epaswmm"."inp_junction" VALUES ('N75', null, null, null);
INSERT INTO "sample_epaswmm"."inp_junction" VALUES ('N76', null, null, null);
INSERT INTO "sample_epaswmm"."inp_junction" VALUES ('N77', null, null, null);
INSERT INTO "sample_epaswmm"."inp_junction" VALUES ('N78', null, null, null);
INSERT INTO "sample_epaswmm"."inp_junction" VALUES ('N79', null, null, null);
INSERT INTO "sample_epaswmm"."inp_junction" VALUES ('N80', null, null, null);
INSERT INTO "sample_epaswmm"."inp_junction" VALUES ('N81', null, null, null);
INSERT INTO "sample_epaswmm"."inp_junction" VALUES ('N82', null, null, null);
INSERT INTO "sample_epaswmm"."inp_junction" VALUES ('N83', null, null, null);
INSERT INTO "sample_epaswmm"."inp_junction" VALUES ('N84', null, null, null);
INSERT INTO "sample_epaswmm"."inp_junction" VALUES ('N85', null, null, null);
INSERT INTO "sample_epaswmm"."inp_junction" VALUES ('N86', null, null, null);
INSERT INTO "sample_epaswmm"."inp_junction" VALUES ('N87', null, null, null);
INSERT INTO "sample_epaswmm"."inp_junction" VALUES ('N88', null, null, null);
INSERT INTO "sample_epaswmm"."inp_junction" VALUES ('N89', null, null, null);
INSERT INTO "sample_epaswmm"."inp_junction" VALUES ('N90', null, null, null);
INSERT INTO "sample_epaswmm"."inp_junction" VALUES ('N91', null, null, null);
INSERT INTO "sample_epaswmm"."inp_junction" VALUES ('N92', null, null, null);
INSERT INTO "sample_epaswmm"."inp_junction" VALUES ('N93', null, null, null);
INSERT INTO "sample_epaswmm"."inp_junction" VALUES ('N94', null, null, null);
INSERT INTO "sample_epaswmm"."inp_junction" VALUES ('N95', null, null, null);
INSERT INTO "sample_epaswmm"."inp_junction" VALUES ('N96', null, null, null);
INSERT INTO "sample_epaswmm"."inp_junction" VALUES ('N97', null, null, null);
INSERT INTO "sample_epaswmm"."inp_junction" VALUES ('N98', null, null, null);
INSERT INTO "sample_epaswmm"."inp_junction" VALUES ('N99', null, null, null);


-- ----------------------------
-- Records of inp_label
-- ----------------------------
 
 

-- ----------------------------
-- Records of inp_landuses
-- ----------------------------
 
 

-- ----------------------------
-- Records of inp_lid_control
-- ----------------------------
 
 

-- ----------------------------
-- Records of inp_lidusage_subc_x_lidco
-- ----------------------------
 
 

-- ----------------------------
-- Records of inp_loadings_pol_x_subc
-- ----------------------------
 
 

-- ----------------------------
-- Records of inp_mapdim
-- ----------------------------
 
 

-- ----------------------------
-- Records of inp_mapunits
-- ----------------------------
 
 

-- ----------------------------
-- Records of inp_orifice
-- ----------------------------
 
 

-- ----------------------------
-- Records of inp_outfall
-- ----------------------------
INSERT INTO "sample_epaswmm"."inp_outfall" VALUES ('N234', 'NORMAL', null, null, null, 'NO');
 

-- ----------------------------
-- Records of inp_outlet
-- ----------------------------
 
 

-- ----------------------------
-- Records of inp_pattern
-- ----------------------------
INSERT INTO "sample_epaswmm"."inp_pattern" VALUES ('pattern_01', 'DAILY', '1.0000', '1.0500', '1.1200', '1.1500', '1.0000', '0.7000', '0.6000', null, null, null, null, null, null, null, null, null, null, null, null, null, null, null, null, null);
INSERT INTO "sample_epaswmm"."inp_pattern" VALUES ('pattern_04', 'WEEKEND', '0.2000', '0.2000', '0.2500', '0.2600', '0.3000', '0.3000', '0.8000', '1.0000', '1.0000', '1.5000', '1.8000', '1.7000', '1.2000', '1.0000', '0.7000', '0.6000', '0.6000', '0.5000', '0.8000', '0.9000', '1.0000', '1.0000', '0.5000', '0.4000');
INSERT INTO "sample_epaswmm"."inp_pattern" VALUES ('pattern_02', 'HOURLY', '0.2000', '0.2000', '0.2500', '0.2600', '0.3000', '0.3000', '0.8000', '1.0000', '1.0000', '1.5000', '1.8000', '1.7000', '1.2000', '1.0000', '0.7000', '0.6000', '0.6000', '0.5000', '0.8000', '0.9000', '1.0000', '1.0000', '0.5000', '0.4000');
INSERT INTO "sample_epaswmm"."inp_pattern" VALUES ('pattern_03', 'MONTHLY', '0.5000', '0.7000', '0.8000', '0.9000', '1.0000', '1.1000', '1.2000', '1.0000', '1.1000', '0.9000', '0.7000', '0.6000', null, null, null, null, null, null, null, null, null, null, null, null);
 

-- ----------------------------
-- Records of inp_pollutant
-- ----------------------------
 
 

-- ----------------------------
-- Records of inp_project_id
-- ----------------------------
INSERT INTO "sample_epaswmm"."inp_project_id" VALUES ('Sewer system demo project', 'Giswater', 'April 2015');
 

-- ----------------------------
-- Records of inp_pump
-- ----------------------------
 
 

-- ----------------------------
-- Records of inp_rdii
-- ----------------------------
 
 

-- ----------------------------
-- Records of inp_snowmelt
-- ----------------------------
 
 

-- ----------------------------
-- Records of inp_snowpack
-- ----------------------------
 
 

-- ----------------------------
-- Records of inp_storage
-- ----------------------------
 
 

-- ----------------------------
-- Records of inp_temperature
-- ----------------------------
 
 

-- ----------------------------
-- Records of inp_timeseries
-- ----------------------------
INSERT INTO "sample_epaswmm"."inp_timeseries" VALUES ('29', 'T10-5m', null, null, '0:00', '1.7800', null);
INSERT INTO "sample_epaswmm"."inp_timeseries" VALUES ('30', 'T10-5m', null, null, '0:05', '2.0800', null);
INSERT INTO "sample_epaswmm"."inp_timeseries" VALUES ('31', 'T10-5m', null, null, '0:10', '2.5200', null);
INSERT INTO "sample_epaswmm"."inp_timeseries" VALUES ('32', 'T10-5m', null, null, '0:15', '3.2500', null);
INSERT INTO "sample_epaswmm"."inp_timeseries" VALUES ('33', 'T10-5m', null, null, '0:20', '4.7800', null);
INSERT INTO "sample_epaswmm"."inp_timeseries" VALUES ('34', 'T10-5m', null, null, '0:25', '15.5200', null);
INSERT INTO "sample_epaswmm"."inp_timeseries" VALUES ('35', 'T10-5m', null, null, '0:30', '6.5800', null);
INSERT INTO "sample_epaswmm"."inp_timeseries" VALUES ('36', 'T10-5m', null, null, '0:35', '3.8400', null);
INSERT INTO "sample_epaswmm"."inp_timeseries" VALUES ('37', 'T10-5m', null, null, '0:40', '2.8300', null);
INSERT INTO "sample_epaswmm"."inp_timeseries" VALUES ('38', 'T10-5m', null, null, '0:45', '2.2800', null);
INSERT INTO "sample_epaswmm"."inp_timeseries" VALUES ('39', 'T10-5m', null, null, '0:50', '1.9200', null);
INSERT INTO "sample_epaswmm"."inp_timeseries" VALUES ('40', 'T10-5m', null, null, '0:55', '1.6600', null);
INSERT INTO "sample_epaswmm"."inp_timeseries" VALUES ('41', 'T5-5m', null, null, '0:00', '0.7800', null);
INSERT INTO "sample_epaswmm"."inp_timeseries" VALUES ('42', 'T5-5m', null, null, '0:05', '1.1500', null);
INSERT INTO "sample_epaswmm"."inp_timeseries" VALUES ('43', 'T5-5m', null, null, '0:10', '2.2200', null);
INSERT INTO "sample_epaswmm"."inp_timeseries" VALUES ('44', 'T5-5m', null, null, '0:15', '3.9900', null);
INSERT INTO "sample_epaswmm"."inp_timeseries" VALUES ('45', 'T5-5m', null, null, '0:20', '4.8800', null);
INSERT INTO "sample_epaswmm"."inp_timeseries" VALUES ('46', 'T5-5m', null, null, '0:25', '8.7500', null);
INSERT INTO "sample_epaswmm"."inp_timeseries" VALUES ('47', 'T5-5m', null, null, '0:30', '5.1500', null);
INSERT INTO "sample_epaswmm"."inp_timeseries" VALUES ('48', 'T5-5m', null, null, '0:35', '3.2000', null);
INSERT INTO "sample_epaswmm"."inp_timeseries" VALUES ('49', 'T5-5m', null, null, '0:40', '2.2500', null);
INSERT INTO "sample_epaswmm"."inp_timeseries" VALUES ('50', 'T5-5m', null, null, '0:45', '1.2500', null);
INSERT INTO "sample_epaswmm"."inp_timeseries" VALUES ('51', 'T5-5m', null, null, '0:50', '0.9200', null);
INSERT INTO "sample_epaswmm"."inp_timeseries" VALUES ('52', 'T5-5m', null, null, '0:55', '0.4900', null);
 

-- ----------------------------
-- Records of inp_transects
-- ----------------------------
 
 

-- ----------------------------
-- Records of inp_treatment_node_x_pol
-- ----------------------------
 
 

-- ----------------------------
-- Records of inp_washoff_land_x_pol
-- ----------------------------
 
 

-- ----------------------------
-- Records of inp_weir
-- ----------------------------
 
 

-- ----------------------------
-- Records of inp_windspeed
-- ----------------------------
 
 


-- ----------------------------
-- Records of raingage
-- ----------------------------
INSERT INTO "sample_epaswmm"."raingage" VALUES ('41', 'VOLUME', '0:05', '1.0000', 'TIMESERIES', 'T5-5m', null, null, null, '0101000020E7640000B1AFCAD63A9619413446D112B7755141');

 

-- ----------------------------
-- Records of result_selection
-- ----------------------------
 
 
 -- ----------------------------
-- Records of hydrology_selection
-- ----------------------------
-- Filled by epaswmm_11101.sql



-- ----------------------------
-- Records of sector_selection
-- ----------------------------
INSERT INTO "sample_epaswmm"."sector_selection" VALUES ('sector_01');
 

-- ----------------------------
-- Records of subcatchment
-- ----------------------------
INSERT INTO "sample_epaswmm"."subcatchment" VALUES ('S100', 'N100', '41', '0.230975', '90.0000', '34.5744', '3.3912', '66.8052', null, '0.0130', '0.0250', '4.0401', '0.0000', '0.0000', 'IMPERVIOUS', '100.0000', null, null, null, null, null, null, null, null, '83.0000', '0.0000', '10.0000', 'sector_01', '0106000020E7640000010000000103000000010000000500000024D1020C91961941DDF315C00C755141FD956C61DA96194175049B3F1475514140BFA4EA8B971941D713DA06087551419E0B325E0A971941243C54EE0075514124D1020C91961941DDF315C00C755141', 'hc_default');
INSERT INTO "sample_epaswmm"."subcatchment" VALUES ('S101', 'N101', '41', '0.400475', '90.0000', '41.7699', '2.0855', '95.8764', null, '0.0130', '0.0250', '5.1269', '0.0000', '0.0000', 'IMPERVIOUS', '100.0000', null, null, null, null, null, null, null, null, '83.0000', '0.0000', '10.0000', 'sector_01', '0106000020E76400000100000001030000000100000008000000170E135EF896194177E26A9E3E7551414834A630E89519413E4928323F7551412E3A056F659519419FE601B5467551413AB8EFED5D95194178C6C09647755141898466336895194118254C9D4975514183E8AE6E4497194149C18A4448755141EA69F884369719413AB955DC44755141170E135EF896194177E26A9E3E755141', 'hc_default');
INSERT INTO "sample_epaswmm"."subcatchment" VALUES ('S102', 'N102', '41', '0.461787', '90.0000', '46.4229', '2.4805', '99.4740', null, '0.0130', '0.0250', '4.7091', '0.0000', '0.0000', 'IMPERVIOUS', '100.0000', null, null, null, null, null, null, null, null, '83.0000', '0.0000', '10.0000', 'sector_01', '0106000020E7640000010000000103000000010000000900000083E8AE6E4497194149C18A4448755141898466336895194118254C9D4975514130583D9F629519419F012B864E7551418A796B9870951941BACA3B2C517551411BCB34AB9B95194189E83A48537551412BC1A74E44961941BEEB328055755141EB2D39E6F796194119BCF5A450755141FA853DE752971941FA3023CD4975514183E8AE6E4497194149C18A4448755141', 'hc_default');
INSERT INTO "sample_epaswmm"."subcatchment" VALUES ('S104', 'N104', '41', '0.284292', '75.0000', '37.1995', '3.2114', '76.4236', null, '0.0130', '0.0250', '4.1494', '0.0000', '0.0000', 'IMPERVIOUS', '100.0000', null, null, null, null, null, null, null, null, '83.0000', '0.0000', '10.0000', 'sector_01', '0106000020E7640000010000000103000000010000000700000058C7480D4F961941C75D8D735E755141D485038CCF951941921224636375514149800D0F989519413B2CF8EA6B755141E2DF8EB5EC9619411721E95C6875514172A6E35206971941533A274B677551412538D453E29619417BA35DC26275514158C7480D4F961941C75D8D735E755141', 'hc_default');
INSERT INTO "sample_epaswmm"."subcatchment" VALUES ('S105', 'N105', '41', '0.307779', '90.0000', '37.7248', '3.3651', '81.5852', null, '0.0130', '0.0250', '4.0554', '0.0000', '0.0000', 'IMPERVIOUS', '100.0000', null, null, null, null, null, null, null, null, '83.0000', '0.0000', '10.0000', 'sector_01', '0106000020E76400000100000001030000000100000006000000BADB0CA8A4961941B90ADC5074755141E2DF8EB5EC9619411721E95C6875514149800D0F989519413B2CF8EA6B755141B0701CCF5C951941BB4D2F3F6F755141520CC669E395194129B6613874755141BADB0CA8A4961941B90ADC5074755141', 'hc_default');
INSERT INTO "sample_epaswmm"."subcatchment" VALUES ('S106', 'N106', '41', '0.329960', '90.0000', '37.4766', '4.3108', '88.0441', null, '0.0130', '0.0250', '3.5920', '0.0000', '0.0000', 'IMPERVIOUS', '100.0000', null, null, null, null, null, null, null, null, '83.0000', '0.0000', '10.0000', 'sector_01', '0106000020E76400000100000001030000000100000007000000ECF9186280991941C812C56F3D75514153FF908E75991941B396920B3D755141D8CB07D6229819418BEC25684F7551414BDA1CB73E98194139A50C055175514162F9273FF99819419C1E723E51755141EDF12A3B759919411C7A3E024A755141ECF9186280991941C812C56F3D755141', 'hc_default');
INSERT INTO "sample_epaswmm"."subcatchment" VALUES ('S107', 'N107', '41', '0.475573', '90.0000', '44.9560', '4.1584', '105.7862', null, '0.0130', '0.0250', '3.6559', '0.0000', '0.0000', 'IMPERVIOUS', '100.0000', null, null, null, null, null, null, null, null, '83.0000', '0.0000', '10.0000', 'sector_01', '0106000020E764000001000000010300000001000000070000009AED18561F991941655367DD367551411A4277F4E9981941FDB273FC34755141D1F7A1D5A4971941BEAA9BED4B7551412F2FED76AE971941F1A0046C4C755141D8CB07D6229819418BEC25684F75514153FF908E75991941B396920B3D7551419AED18561F991941655367DD36755141', 'hc_default');
INSERT INTO "sample_epaswmm"."subcatchment" VALUES ('S108', 'N108', '41', '0.508656', '90.0000', '46.7601', '4.3427', '108.7799', null, '0.0130', '0.0250', '3.5790', '0.0000', '0.0000', 'IMPERVIOUS', '100.0000', null, null, null, null, null, null, null, null, '83.0000', '0.0000', '10.0000', 'sector_01', '0106000020E76400000100000001030000000100000008000000647A202DAA9819415EBF3F6A3075514145856C616F9819417A7CDE592E755141EA69F884369719413AB955DC4475514183E8AE6E4497194149C18A4448755141FA853DE752971941FA3023CD49755141D1F7A1D5A4971941BEAA9BED4B7551411A4277F4E9981941FDB273FC34755141647A202DAA9819415EBF3F6A30755141', 'hc_default');
INSERT INTO "sample_epaswmm"."subcatchment" VALUES ('S109', 'N109', '41', '0.480717', '90.0000', '46.6806', '3.5634', '102.9801', null, '0.0130', '0.0250', '3.9432', '0.0000', '0.0000', 'IMPERVIOUS', '100.0000', null, null, null, null, null, null, null, null, '83.0000', '0.0000', '10.0000', 'sector_01', '0106000020E76400000100000001030000000100000007000000A8FF469A2E98194103238BB42975514134A9B00CEF9719414EDF84782775514106CFEFADEA961941CC0B8E0C3A755141170E135EF896194177E26A9E3E755141EA69F884369719413AB955DC4475514145856C616F9819417A7CDE592E755141A8FF469A2E98194103238BB429755141', 'hc_default');
INSERT INTO "sample_epaswmm"."subcatchment" VALUES ('S110', 'N110', '41', '0.482735', '90.0000', '49.6706', '2.7689', '97.1873', null, '0.0130', '0.0250', '4.4621', '0.0000', '0.0000', 'IMPERVIOUS', '100.0000', null, null, null, null, null, null, null, null, '83.0000', '0.0000', '10.0000', 'sector_01', '0106000020E764000001000000010300000001000000080000004B4C022B2E97194175E9F7CA1D755141365517481C971941A976D8821D7551418BC19627E296194146E3F6E4207551410F3B494AB89619419DCEC60C3675514106CFEFADEA961941CC0B8E0C3A75514134A9B00CEF9719414EDF8478277551417E49A2D6B6971941F845DD14237551414B4C022B2E97194175E9F7CA1D755141', 'hc_default');
INSERT INTO "sample_epaswmm"."subcatchment" VALUES ('S111', 'N111', '41', '0.304878', '80.0000', '39.5300', '4.1934', '77.1258', null, '0.0130', '0.0250', '3.6409', '0.0000', '0.0000', 'OUTLET', '100.0000', null, null, null, null, null, null, null, null, '82.9860', '0.0000', '10.0000', 'sector_01', '0106000020E7640000010000000103000000010000000D0000006CB4E06F8D9119414EDE7D609C755141DCB8102F729119413586CBF09B755141562CAE22709119410D72AF0E9C7551411330FF5A34911941FA272678AD755141261C1AAF5B911941106B5700AE755141CF57F07C689119419C0B5740AE7551414BD2CEF57091194134248C56AF755141F1486689BE91194113C1D1B7B2755141B6A507FCEE911941AD55093CB07551416CEA0728FD911941D923C30DAF7551419A3A0BD71B9219419281B3B8AB75514158D44FC6259219411DF1E1ACAA7551416CB4E06F8D9119414EDE7D609C755141', 'hc_default');
INSERT INTO "sample_epaswmm"."subcatchment" VALUES ('S112', 'N112', '41', '0.191748', '80.0000', '29.9673', '2.2840', '63.9858', null, '0.0130', '0.0250', '4.9035', '0.0000', '0.0000', 'IMPERVIOUS', '100.0000', null, null, null, null, null, null, null, null, '82.9998', '0.0000', '10.0000', 'sector_01', '0106000020E76400000100000001030000000100000007000000E5C413B877921941B6831053A075514175C419AED29119419235B3F09B7551416CB4E06F8D9119414EDE7D609C75514158D44FC6259219411DF1E1ACAA755141237549E43392194161315030A9755141457072CBA4921941C1D91D8EA4755141E5C413B877921941B6831053A0755141', 'hc_default');
INSERT INTO "sample_epaswmm"."subcatchment" VALUES ('S113', 'N113', '41', '0.093596', '90.0000', '22.0550', '2.5624', '42.4376', null, '0.0130', '0.0250', '4.6348', '0.0000', '0.0000', 'IMPERVIOUS', '100.0000', null, null, null, null, null, null, null, null, '84.3215', '0.0000', '10.0000', 'sector_01', '0106000020E76400000100000001030000000100000007000000D858338EEE921941B8B3C96F99755141E5C413B877921941B6831053A0755141457072CBA4921941C1D91D8EA47551410EBE46E8AD921941095C602EA4755141CE507EC7BD9219413E40F37EA375514108E0283B29931941DEF0F9F09E755141D858338EEE921941B8B3C96F99755141', 'hc_default');
INSERT INTO "sample_epaswmm"."subcatchment" VALUES ('S114', 'N114', '41', '0.198905', '80.0000', '33.5638', '2.7867', '59.2616', null, '0.0130', '0.0250', '4.4481', '0.0000', '0.0000', 'IMPERVIOUS', '100.0000', null, null, null, null, null, null, null, null, '88.4274', '0.0000', '10.0000', 'sector_01', '0106000020E76400000100000001030000000100000007000000F84A17503C9319417037BFB08E755141DCEB0AF6E7921941EC33FAE98F75514132C437E7E1921941AA1E8AC490755141D858338EEE921941B8B3C96F9975514108E0283B29931941DEF0F9F09E755141888163A7AD9319410C170A5499755141F84A17503C9319417037BFB08E755141', 'hc_default');
INSERT INTO "sample_epaswmm"."subcatchment" VALUES ('S115', 'N115', '41', '0.131476', '90.0000', '24.7074', '3.3851', '53.2131', null, '0.0130', '0.0250', '4.0437', '0.0000', '0.0000', 'IMPERVIOUS', '100.0000', null, null, null, null, null, null, null, null, '82.9997', '0.0000', '10.0000', 'sector_01', '0106000020E7640000010000000103000000010000000700000098EF15F5159419410F18861391755141CAC5EF10429319413DAC27658E755141F84A17503C9319417037BFB08E755141888163A7AD9319410C170A54997551418C51FCBE16941941A49DABDF94755141F34219E831941941C8A012B39375514198EF15F5159419410F18861391755141', 'hc_default');
INSERT INTO "sample_epaswmm"."subcatchment" VALUES ('S116', 'N116', '41', '0.112172', '90.0000', '22.8738', '4.4456', '49.0397', null, '0.0130', '0.0250', '3.5382', '0.0000', '0.0000', 'IMPERVIOUS', '100.0000', null, null, null, null, null, null, null, null, '82.9998', '0.0000', '10.0000', 'sector_01', '0106000020E76400000100000001030000000100000006000000842BB523559419415F99F7F68475514198EF15F5159419410F18861391755141F34219E831941941C8A012B393755141228F577EA294194153E606D58E755141065B27B2B59419419931F8068E755141842BB523559419415F99F7F684755141', 'hc_default');
INSERT INTO "sample_epaswmm"."subcatchment" VALUES ('S117', 'N117', '41', '0.267894', '90.0000', '36.6413', '4.2255', '73.1125', null, '0.0130', '0.0250', '3.6273', '0.0000', '0.0000', 'IMPERVIOUS', '100.0000', null, null, null, null, null, null, null, null, '83.0000', '0.0000', '10.0000', 'sector_01', '0106000020E764000001000000010300000001000000070000001E6339208A94194137FE45E5777551413EAFA52171941941F7D972147A75514136FB565B49941941B94CE0A381755141842BB523559419415F99F7F684755141065B27B2B59419419931F8068E75514113278F933A951941AF6E0D75887551411E6339208A94194137FE45E577755141', 'hc_default');
INSERT INTO "sample_epaswmm"."subcatchment" VALUES ('S118', 'N118', '41', '0.339133', '90.0000', '41.7312', '3.9658', '81.2659', null, '0.0130', '0.0250', '3.7418', '0.0000', '0.0000', 'IMPERVIOUS', '100.0000', null, null, null, null, null, null, null, null, '83.0000', '0.0000', '10.0000', 'sector_01', '0106000020E764000001000000010300000001000000080000008432BAD70B9519412628700772755141B2914934C09419414A52D93F737551415CE553F99D941941D294566B747551411E6339208A94194137FE45E57775514113278F933A951941AF6E0D758875514157EF873869951941D3F9848086755141D85B5786BD9519410156AEB4827551418432BAD70B9519412628700772755141', 'hc_default');
INSERT INTO "sample_epaswmm"."subcatchment" VALUES ('S119', 'N119', '41', '0.284535', '90.0000', '37.9419', '3.8054', '74.9921', null, '0.0130', '0.0250', '3.8183', '0.0000', '0.0000', 'IMPERVIOUS', '100.0000', null, null, null, null, null, null, null, null, '83.0000', '0.0000', '10.0000', 'sector_01', '0106000020E76400000100000001030000000100000008000000520CC669E395194129B6613874755141B0701CCF5C951941BB4D2F3F6F755141A5F98EB655951941F211EA5A6F7551418432BAD70B9519412628700772755141D85B5786BD9519410156AEB482755141A92F2882CF95194160805EE581755141CC0824CB41961941882219147D755141520CC669E395194129B6613874755141', 'hc_default');
INSERT INTO "sample_epaswmm"."subcatchment" VALUES ('S120', 'N120', '41', '0.115617', '90.0000', '23.7371', '3.0499', '48.7073', null, '0.0130', '0.0250', '4.2556', '0.0000', '0.0000', 'IMPERVIOUS', '100.0000', null, null, null, null, null, null, null, null, '83.0000', '0.0000', '10.0000', 'sector_01', '0106000020E76400000100000001030000000100000005000000BADB0CA8A4961941B90ADC5074755141520CC669E395194129B6613874755141CC0824CB41961941882219147D75514107605671C6961941CF22A87C77755141BADB0CA8A4961941B90ADC5074755141', 'hc_default');
INSERT INTO "sample_epaswmm"."subcatchment" VALUES ('S121', 'N121', '41', '0.207479', '75.0000', '33.5392', '3.7636', '61.8617', null, '0.0130', '0.0250', '3.8390', '0.0000', '0.0000', 'IMPERVIOUS', '100.0000', null, null, null, null, null, null, null, null, '83.0000', '0.0000', '10.0000', 'sector_01', '0106000020E7640000010000000103000000010000000A00000072A6E35206971941533A274B67755141E2DF8EB5EC9619411721E95C68755141BADB0CA8A4961941B90ADC507475514107605671C6961941CF22A87C7775514152C32938F4961941CA2EAC8E757551411AF2646F3C971941450EBC8972755141607A028C74971941EC8C4FFD6F7551415E98D2DC959719418F3D3E2E6E7551413E9DDC1D46971941489008216875514172A6E35206971941533A274B67755141', 'hc_default');
INSERT INTO "sample_epaswmm"."subcatchment" VALUES ('S122', 'N122', '41', '0.190926', '75.0000', '31.4095', '2.4588', '60.7860', null, '0.0130', '0.0250', '4.7295', '0.0000', '0.0000', 'IMPERVIOUS', '100.0000', null, null, null, null, null, null, null, null, '83.0000', '0.0000', '10.0000', 'sector_01', '0106000020E7640000010000000103000000010000000700000016581BB32E98194143BDE26F6075514113C68D258A9719410A5BB9B9627551413E9DDC1D4697194148900821687551415E98D2DC959719418F3D3E2E6E7551410E2277D1FD9719418BB3528968755141032EEEF1599819418093E3756375514116581BB32E98194143BDE26F60755141', 'hc_default');
INSERT INTO "sample_epaswmm"."subcatchment" VALUES ('S123', 'N123', '41', '0.134797', '90.0000', '27.6742', '3.4757', '48.7085', null, '0.0130', '0.0250', '3.9917', '0.0000', '0.0000', 'IMPERVIOUS', '100.0000', null, null, null, null, null, null, null, null, '82.9998', '0.0000', '10.0000', 'sector_01', '0106000020E764000001000000010300000001000000090000007AB86FF4ED9A194134886AA737755141E711D567939A1941B625A81C3E7551415A387F96DA9A1941FDB2B0034475514157B9AAA90F9B1941DD20B1D541755141FBA5FFC7609B1941C47A4C7A3E7551418C364174389B19412E5E86353A75514116346A7D2F9B1941719E0F533A7551419B0F7B81139B1941EDB4F1B5397551417AB86FF4ED9A194134886AA737755141', 'hc_default');
INSERT INTO "sample_epaswmm"."subcatchment" VALUES ('S124', 'N124', '41', '0.237351', '90.0000', '35.7880', '2.2638', '66.3214', null, '0.0130', '0.0250', '4.9249', '0.0000', '0.0000', 'IMPERVIOUS', '100.0000', null, null, null, null, null, null, null, null, '82.9999', '0.0000', '10.0000', 'sector_01', '0106000020E7640000010000000103000000010000000900000053F4DDB9CD991941E0BC75703E755141867071F5A79919412F4935713D755141ECF9186280991941C812C56F3D755141EDF12A3B759919411C7A3E024A7551415B7AECC5BD991941AA20060C507551417C7E11D9C4991941F661D3AE4F75514137150EB0FB991941D03DF4414D75514172AF9FD3499A19411A1D51FF4975514153F4DDB9CD991941E0BC75703E755141', 'hc_default');
INSERT INTO "sample_epaswmm"."subcatchment" VALUES ('S125', 'N125', '41', '0.180122', '90.0000', '30.3461', '3.6769', '59.3559', null, '0.0130', '0.0250', '3.8831', '0.0000', '0.0000', 'IMPERVIOUS', '100.0000', null, null, null, null, null, null, null, null, '82.9999', '0.0000', '10.0000', 'sector_01', '0106000020E76400000100000001030000000100000006000000E711D567939A1941B625A81C3E75514153F4DDB9CD991941E0BC75703E75514172AF9FD3499A19411A1D51FF497551411C58D480839A19411A4D3F97477551415A387F96DA9A1941FDB2B00344755141E711D567939A1941B625A81C3E755141', 'hc_default');
INSERT INTO "sample_epaswmm"."subcatchment" VALUES ('S126', 'N126', '41', '0.309737', '90.0000', '40.0102', '4.5459', '77.4146', null, '0.0130', '0.0250', '3.4997', '0.0000', '0.0000', 'IMPERVIOUS', '100.0000', null, null, null, null, null, null, null, null, '83.0000', '0.0000', '10.0000', 'sector_01', '0106000020E76400000100000001030000000100000008000000FD956C61DA96194175049B3F147551411D05087EE196194113D63E0F17755141365517481C971941A976D8821D7551414B4C022B2E97194175E9F7CA1D755141878D990E0398194148EBBC930E755141F9DF8C75EF97194183D2A17A0D75514140BFA4EA8B971941D713DA0608755141FD956C61DA96194175049B3F14755141', 'hc_default');
INSERT INTO "sample_epaswmm"."subcatchment" VALUES ('S127', 'N127', '41', '0.308680', '90.0000', '39.3687', '7.5595', '78.4076', null, '0.0130', '0.0250', '2.7277', '0.0000', '0.0000', 'IMPERVIOUS', '100.0000', null, null, null, null, null, null, null, null, '83.0000', '0.0000', '10.0000', 'sector_01', '0106000020E764000001000000010300000001000000060000004B4C022B2E97194175E9F7CA1D7551417E49A2D6B6971941F845DD1423755141289BE1467B981941FB19D13715755141EF2184EF22981941B0B9FE5C10755141878D990E0398194148EBBC930E7551414B4C022B2E97194175E9F7CA1D755141', 'hc_default');
INSERT INTO "sample_epaswmm"."subcatchment" VALUES ('S128', 'N128', '41', '0.304191', '90.0000', '39.8457', '4.6477', '76.3423', null, '0.0130', '0.0250', '3.4619', '0.0000', '0.0000', 'IMPERVIOUS', '100.0000', null, null, null, null, null, null, null, null, '83.0000', '0.0000', '10.0000', 'sector_01', '0106000020E764000001000000010300000001000000070000007E49A2D6B6971941F845DD142375514134A9B00CEF9719414EDF847827755141A8FF469A2E98194103238BB429755141D0D77287F3981941E65135D11B7551418D640477C19819412C52401319755141289BE1467B981941FB19D137157551417E49A2D6B6971941F845DD1423755141', 'hc_default');
INSERT INTO "sample_epaswmm"."subcatchment" VALUES ('S129', 'N129', '41', '0.305846', '90.0000', '39.9810', '3.9675', '76.4977', null, '0.0130', '0.0250', '3.7410', '0.0000', '0.0000', 'IMPERVIOUS', '100.0000', null, null, null, null, null, null, null, null, '83.0000', '0.0000', '10.0000', 'sector_01', '0106000020E76400000100000001030000000100000006000000A8FF469A2E98194103238BB42975514145856C616F9819417A7CDE592E755141647A202DAA9819415EBF3F6A307551415677C7F66A9919413C5BD25B22755141D0D77287F3981941E65135D11B755141A8FF469A2E98194103238BB429755141', 'hc_default');
INSERT INTO "sample_epaswmm"."subcatchment" VALUES ('S130', 'N130', '41', '0.300095', '90.0000', '39.4831', '2.4328', '76.0059', null, '0.0130', '0.0250', '4.7542', '0.0000', '0.0000', 'IMPERVIOUS', '100.0000', null, null, null, null, null, null, null, null, '83.0000', '0.0000', '10.0000', 'sector_01', '0106000020E764000001000000010300000001000000070000005677C7F66A9919413C5BD25B22755141647A202DAA9819415EBF3F6A307551411A4277F4E9981941FDB273FC347551419AED18561F991941655367DD36755141C423FD06E49919410B78020329755141C28F3A95B799194168541B8E267551415677C7F66A9919413C5BD25B22755141', 'hc_default');
INSERT INTO "sample_epaswmm"."subcatchment" VALUES ('S131', 'N131', '41', '0.324589', '90.0000', '41.7200', '2.6601', '77.8018', null, '0.0130', '0.0250', '4.5506', '0.0000', '0.0000', 'IMPERVIOUS', '100.0000', null, null, null, null, null, null, null, null, '83.0000', '0.0000', '10.0000', 'sector_01', '0106000020E76400000100000001030000000100000007000000C423FD06E49919410B780203297551419AED18561F991941655367DD3675514153FF908E75991941B396920B3D755141ECF9186280991941C812C56F3D755141867071F5A79919412F4935713D7551411263FFDF629A1941747CF20530755141C423FD06E49919410B78020329755141', 'hc_default');
INSERT INTO "sample_epaswmm"."subcatchment" VALUES ('S132', 'N132', '41', '0.254101', '90.0000', '36.0482', '3.8676', '70.4892', null, '0.0130', '0.0250', '3.7881', '0.0000', '0.0000', 'IMPERVIOUS', '100.0000', null, null, null, null, null, null, null, null, '83.0000', '0.0000', '10.0000', 'sector_01', '0106000020E764000001000000010300000001000000080000001263FFDF629A1941747CF20530755141867071F5A79919412F4935713D75514153F4DDB9CD991941E0BC75703E755141E711D567939A1941B625A81C3E7551417AB86FF4ED9A194134886AA737755141967E18D1989A1941B8E9A2FD327551415799F5F96A9A194179BE9578307551411263FFDF629A1941747CF20530755141', 'hc_default');
INSERT INTO "sample_epaswmm"."subcatchment" VALUES ('S233', 'N233', '41', '0.188066', '90.0000', '27.6758', '2.3739', '67.9532', null, '0.0130', '0.0250', '4.8116', '0.0000', '0.0000', 'IMPERVIOUS', '100.0000', null, null, null, null, null, null, null, null, '83.0000', '0.0000', '10.0000', 'sector_01', '0106000020E764000001000000010300000001000000060000008BC19627E296194146E3F6E420755141B675E1B2DF961941312998F420755141CFAFEAEB2F961941D3D4EF422B7551412A5A197081961941AE9FCAB7347551410F3B494AB89619419DCEC60C367551418BC19627E296194146E3F6E420755141', 'hc_default');
INSERT INTO "sample_epaswmm"."subcatchment" VALUES ('S234', 'N234', '41', '0.062430', '90.0000', '17.4549', '1.8738', '35.7664', null, '0.0130', '0.0250', '5.4029', '0.0000', '0.0000', 'IMPERVIOUS', '100.0000', null, null, null, null, null, null, null, null, '82.7493', '0.0000', '10.0000', 'sector_01', '0106000020E764000001000000010300000001000000060000008C364174389B19412E5E86353A755141FBA5FFC7609B1941C47A4C7A3E75514102BC9D24D69B19419AEEEE9E3975514149E67282AE9B1941F5E7A8EA3575514104A3A7874C9B1941AD9860F3397551418C364174389B19412E5E86353A755141', 'hc_default');
INSERT INTO "sample_epaswmm"."subcatchment" VALUES ('S29', 'N29', '41', '0.274382', '80.0000', '37.9551', '5.3878', '72.2912', null, '0.0130', '0.0250', '3.2201', '0.0000', '0.0000', 'IMPERVIOUS', '100.0000', null, null, null, null, null, null, null, null, '83.2066', '0.0000', '10.0000', 'sector_01', '0106000020E7640000010000000103000000010000000B000000562CAE22709119410D72AF0E9C755141D9B7692771901941A89AC6F79E755141963967D074901941DE6A3822A1755141508353498290194114408CE5A3755141E9171E6799901941FFF9E7ACA6755141C610C055A790194111DE45CFA7755141BA3A6DEDE3901941166D9E0BAB75514106F82EB605911941B0128B50AC75514141DACB7832911941E552A071AD7551411330FF5A34911941FA272678AD755141562CAE22709119410D72AF0E9C755141', 'hc_default');
INSERT INTO "sample_epaswmm"."subcatchment" VALUES ('S30', 'N30', '41', '0.296064', '80.0000', '40.8735', '7.1067', '72.4342', null, '0.0130', '0.0250', '2.8116', '0.0000', '0.0000', 'IMPERVIOUS', '100.0000', null, null, null, null, null, null, null, null, '83.0296', '0.0000', '10.0000', 'sector_01', '0106000020E764000001000000010300000001000000090000008791DF23659119410B7EFF9A967551415EC3273BEC901941F7054163907551419C9F4F3B66901941CDE7769890755141EAF3D9C569901941E29EB23697755141FE625D7E6E901941E996C7649D755141D9B7692771901941A89AC6F79E755141562CAE22709119410D72AF0E9C755141DCB8102F729119413586CBF09B7551418791DF23659119410B7EFF9A96755141', 'hc_default');
INSERT INTO "sample_epaswmm"."subcatchment" VALUES ('S31', 'N31', '41', '0.121841', '90.0000', '25.8648', '12.7388', '47.1069', null, '0.0130', '0.0250', '2.1123', '0.0000', '0.0000', 'IMPERVIOUS', '100.0000', null, null, null, null, null, null, null, null, '83.0000', '0.0000', '10.0000', 'sector_01', '0106000020E764000001000000010300000001000000080000005EC3273BEC901941F70541639075514133F41BEDD09019418F2CEB7686755141CDD883D9629019410A7E6C98867551417295283C6390194158FE50E9877551414A60BC23659019419C667AD58C7551416BE26F69659019413F223B108F7551419C9F4F3B66901941CDE77698907551415EC3273BEC901941F705416390755141', 'hc_default');
INSERT INTO "sample_epaswmm"."subcatchment" VALUES ('S32', 'N32', '41', '0.179799', '90.0000', '29.5274', '13.4373', '60.8923', null, '0.0130', '0.0250', '2.0577', '0.0000', '0.0000', 'IMPERVIOUS', '100.0000', null, null, null, null, null, null, null, null, '83.0000', '0.0000', '10.0000', 'sector_01', '0106000020E764000001000000010300000001000000070000009989F44857911941293C9A4A7C75514136E1EBC3579119417B6D6B337C755141BA0AFC585F901941AB35D5A07C755141A3F8E15E62901941D8719AF584755141CDD883D9629019410A7E6C988675514133F41BEDD09019418F2CEB76867551419989F44857911941293C9A4A7C755141', 'hc_default');
INSERT INTO "sample_epaswmm"."subcatchment" VALUES ('S33', 'N33', '41', '0.220588', '90.0000', '33.9808', '0.4185', '64.9154', null, '0.0130', '0.0250', '11.2625', '0.0000', '0.0000', 'IMPERVIOUS', '100.0000', null, null, null, null, null, null, null, null, '83.0000', '0.0000', '10.0000', 'sector_01', '0106000020E7640000010000000103000000010000000600000051542C487391194158B7E61B7A755141DC564CDBEB9019415947A56C727551418C61FBB75B901941F4FC9CA072755141BA0AFC585F901941AB35D5A07C75514136E1EBC3579119417B6D6B337C75514151542C487391194158B7E61B7A755141', 'hc_default');
INSERT INTO "sample_epaswmm"."subcatchment" VALUES ('S34', 'N34', '41', '0.131856', '90.0000', '27.0182', '0.8967', '48.8026', null, '0.0130', '0.0250', '7.7530', '0.0000', '0.0000', 'IMPERVIOUS', '100.0000', null, null, null, null, null, null, null, null, '83.0000', '0.0000', '10.0000', 'sector_01', '0106000020E76400000100000001030000000100000006000000DC564CDBEB9019415947A56C72755141901F9A76CF9019415B62096F68755141A8A1AF0558901941D16189A7687551415CE8248D5890194111A70AE6697551418C61FBB75B901941F4FC9CA072755141DC564CDBEB9019415947A56C72755141', 'hc_default');
INSERT INTO "sample_epaswmm"."subcatchment" VALUES ('S35', 'N35', '41', '0.247198', '90.0000', '34.2078', '3.9426', '72.2636', null, '0.0130', '0.0250', '3.7526', '0.0000', '0.0000', 'IMPERVIOUS', '100.0000', null, null, null, null, null, null, null, null, '83.0000', '0.0000', '10.0000', 'sector_01', '0106000020E764000001000000010300000001000000070000004F18D0DCD0921941C55F262361755141702DA9D12C9219410242FB3563755141B0A2F9996C921941847B0A6D76755141FA98B2F16D9219413B78226F76755141B43EB93A7492194158953B2376755141B8CED075EF921941E14AB0AB6A7551414F18D0DCD0921941C55F262361755141', 'hc_default');
INSERT INTO "sample_epaswmm"."subcatchment" VALUES ('S36', 'N36', '41', '0.203803', '90.0000', '30.8750', '5.8804', '66.0090', null, '0.0130', '0.0250', '3.0850', '0.0000', '0.0000', 'IMPERVIOUS', '100.0000', null, null, null, null, null, null, null, null, '82.1243', '0.0000', '10.0000', 'sector_01', '0106000020E764000001000000010300000001000000050000009F23B7164293194135085910577551414F18D0DCD0921941C55F262361755141B8CED075EF921941E14AB0AB6A7551414D3A7FEB7F9319412D0E95ED687551419F23B716429319413508591057755141', 'hc_default');
INSERT INTO "sample_epaswmm"."subcatchment" VALUES ('S37', 'N37', '41', '0.364049', '90.0000', '41.6009', '5.1679', '87.5099', null, '0.0130', '0.0250', '3.2866', '0.0000', '0.0000', 'IMPERVIOUS', '100.0000', null, null, null, null, null, null, null, null, '83.0000', '0.0000', '10.0000', 'sector_01', '0106000020E764000001000000010300000001000000060000001B6171C511951941E58D21EA59755141361FF3C1799419415450C4C85B755141B2914934C09419414A52D93F737551418432BAD70B9519412628700772755141A5F98EB655951941F211EA5A6F7551411B6171C511951941E58D21EA59755141', 'hc_default');
INSERT INTO "sample_epaswmm"."subcatchment" VALUES ('S38', 'N38', '41', '0.347962', '90.0000', '39.0026', '3.9326', '89.2150', null, '0.0130', '0.0250', '3.7573', '0.0000', '0.0000', 'IMPERVIOUS', '100.0000', null, null, null, null, null, null, null, null, '83.0000', '0.0000', '10.0000', 'sector_01', '0106000020E764000001000000010300000001000000080000001BCB34AB9B95194189E83A48537551418A796B9870951941BACA3B2C517551411B6171C511951941E58D21EA59755141A5F98EB655951941F211EA5A6F755141B0701CCF5C951941BB4D2F3F6F75514149800D0F989519413B2CF8EA6B755141D485038CCF95194192122463637551411BCB34AB9B95194189E83A4853755141', 'hc_default');
INSERT INTO "sample_epaswmm"."subcatchment" VALUES ('S39', 'N39', '41', '0.189756', '90.0000', '31.2450', '3.4570', '60.7317', null, '0.0130', '0.0250', '4.0022', '0.0000', '0.0000', 'IMPERVIOUS', '100.0000', null, null, null, null, null, null, null, null, '83.0000', '0.0000', '10.0000', 'sector_01', '0106000020E764000001000000010300000001000000050000002BC1A74E44961941BEEB3280557551411BCB34AB9B95194189E83A4853755141D485038CCF951941921224636375514158C7480D4F961941C75D8D735E7551412BC1A74E44961941BEEB328055755141', 'hc_default');
INSERT INTO "sample_epaswmm"."subcatchment" VALUES ('S40', 'N40', '41', '0.221022', '90.0000', '33.4654', '2.3305', '66.0449', null, '0.0130', '0.0250', '4.8553', '0.0000', '0.0000', 'IMPERVIOUS', '100.0000', null, null, null, null, null, null, null, null, '83.0000', '0.0000', '10.0000', 'sector_01', '0106000020E76400000100000001030000000100000005000000EB2D39E6F796194119BCF5A4507551412BC1A74E44961941BEEB32805575514158C7480D4F961941C75D8D735E7551412538D453E29619417BA35DC262755141EB2D39E6F796194119BCF5A450755141', 'hc_default');
INSERT INTO "sample_epaswmm"."subcatchment" VALUES ('S41', 'N41', '41', '0.450326', '75.0000', '47.0289', '3.3318', '95.7553', null, '0.0130', '0.0250', '4.0752', '0.0000', '0.0000', 'IMPERVIOUS', '100.0000', null, null, null, null, null, null, null, null, '83.0000', '0.0000', '10.0000', 'sector_01', '0106000020E76400000100000001030000000100000009000000FA853DE752971941FA3023CD49755141EB2D39E6F796194119BCF5A4507551412538D453E29619417BA35DC26275514172A6E35206971941533A274B677551413E9DDC1D46971941489008216875514113C68D258A9719410A5BB9B9627551412F2FED76AE971941F1A0046C4C755141D1F7A1D5A4971941BEAA9BED4B755141FA853DE752971941FA3023CD49755141', 'hc_default');
INSERT INTO "sample_epaswmm"."subcatchment" VALUES ('S42', 'N42', '41', '0.305813', '90.0000', '39.0452', '2.9231', '78.3229', null, '0.0130', '0.0250', '4.3451', '0.0000', '0.0000', 'IMPERVIOUS', '100.0000', null, null, null, null, null, null, null, null, '83.0000', '0.0000', '10.0000', 'sector_01', '0106000020E76400000100000001030000000100000007000000D8CB07D6229819418BEC25684F7551412F2FED76AE971941F1A0046C4C75514113C68D258A9719410A5BB9B96275514116581BB32E98194143BDE26F607551415CC3317C459819413100C271527551414BDA1CB73E98194139A50C0551755141D8CB07D6229819418BEC25684F755141', 'hc_default');
INSERT INTO "sample_epaswmm"."subcatchment" VALUES ('S43', 'N43', '41', '0.143452', '90.0000', '25.7286', '3.8499', '55.7560', null, '0.0130', '0.0250', '3.7966', '0.0000', '0.0000', 'IMPERVIOUS', '100.0000', null, null, null, null, null, null, null, null, '83.0000', '0.0000', '10.0000', 'sector_01', '0106000020E764000001000000010300000001000000060000005CC3317C459819413100C2715275514116581BB32E98194143BDE26F60755141032EEEF1599819418093E37563755141516D72D779981941AE43FEB361755141B96005F8D2981941555589CE5C7551415CC3317C459819413100C27152755141', 'hc_default');
INSERT INTO "sample_epaswmm"."subcatchment" VALUES ('S44', 'N44', '41', '0.168838', '90.0000', '29.1945', '3.7558', '57.8319', null, '0.0130', '0.0250', '3.8429', '0.0000', '0.0000', 'IMPERVIOUS', '100.0000', null, null, null, null, null, null, null, null, '83.0000', '0.0000', '10.0000', 'sector_01', '0106000020E7640000010000000103000000010000000600000062F9273FF99819419C1E723E517551414BDA1CB73E98194139A50C05517551415CC3317C459819413100C27152755141B96005F8D2981941555589CE5C755141D2E924204599194114B312895675514162F9273FF99819419C1E723E51755141', 'hc_default');
INSERT INTO "sample_epaswmm"."subcatchment" VALUES ('S45', 'N45', '41', '0.119750', '90.0000', '25.5099', '4.4105', '46.9425', null, '0.0130', '0.0250', '3.5519', '0.0000', '0.0000', 'IMPERVIOUS', '100.0000', null, null, null, null, null, null, null, null, '82.9999', '0.0000', '10.0000', 'sector_01', '0106000020E76400000100000001030000000100000007000000EDF12A3B759919411C7A3E024A75514162F9273FF99819419C1E723E51755141D2E924204599194114B31289567551412843B6C34F9919415A5273F355755141842711D79D991941A0F0AFB0517551415B7AECC5BD991941AA20060C50755141EDF12A3B759919411C7A3E024A755141', 'hc_default');
INSERT INTO "sample_epaswmm"."subcatchment" VALUES ('S46', 'N46', '41', '0.127909', '90.0000', '26.8648', '0.9511', '47.6121', null, '0.0130', '0.0250', '7.5324', '0.0000', '0.0000', 'IMPERVIOUS', '100.0000', null, null, null, null, null, null, null, null, '82.2439', '0.0000', '10.0000', 'sector_01', '0106000020E764000001000000010300000001000000060000003255907703911941FC054AD46375514188B343B687901941116905905E755141D90B62C553901941275297A85E755141A8A1AF0558901941D16189A768755141901F9A76CF9019415B62096F687551413255907703911941FC054AD463755141', 'hc_default');
INSERT INTO "sample_epaswmm"."subcatchment" VALUES ('S47', 'N47', '41', '0.093031', '90.0000', '21.2232', '1.5897', '43.8347', null, '0.0130', '0.0250', '5.8563', '0.0000', '0.0000', 'IMPERVIOUS', '100.0000', null, null, null, null, null, null, null, null, '82.1423', '0.0000', '10.0000', 'sector_01', '0106000020E7640000010000000103000000010000000600000088B343B687901941116905905E7551415612AA98D590194161E6E969547551414A052DB54F9019413B673BA9547551418A73D99850901941892A113257755141D90B62C553901941275297A85E75514188B343B687901941116905905E755141', 'hc_default');
INSERT INTO "sample_epaswmm"."subcatchment" VALUES ('S48', 'N48', '41', '0.183509', '90.0000', '31.6946', '3.2576', '57.8992', null, '0.0130', '0.0250', '4.1205', '0.0000', '0.0000', 'IMPERVIOUS', '100.0000', null, null, null, null, null, null, null, null, '83.0000', '0.0000', '10.0000', 'sector_01', '0106000020E764000001000000010300000001000000060000005612AA98D590194161E6E96954755141885BCA30ED9019419E3735C0537551418CDD974C229119412FBB57444A7551416CB304334C90194163A99EA94A7551414A052DB54F9019413B673BA9547551415612AA98D590194161E6E96954755141', 'hc_default');
INSERT INTO "sample_epaswmm"."subcatchment" VALUES ('S49', 'N49', '41', '0.249422', '90.0000', '36.3395', '5.5564', '68.6366', null, '0.0130', '0.0250', '3.1719', '0.0000', '0.0000', 'IMPERVIOUS', '100.0000', null, null, null, null, null, null, null, null, '83.0000', '0.0000', '10.0000', 'sector_01', '0106000020E76400000100000001030000000100000008000000FA997272669119417E7DBD94437551418FAC301E45911941E7501947427551412CBFAD9E47901941EE37FB483F755141434E0D394A9019410849B107457551416CB304334C90194163A99EA94A7551418CDD974C229119412FBB57444A755141809033F354911941D01656F446755141FA997272669119417E7DBD9443755141', 'hc_default');
INSERT INTO "sample_epaswmm"."subcatchment" VALUES ('S50', 'N50', '41', '0.170611', '90.0000', '28.1550', '8.1967', '60.5970', null, '0.0130', '0.0250', '2.6217', '0.0000', '0.0000', 'IMPERVIOUS', '100.0000', null, null, null, null, null, null, null, null, '82.9999', '0.0000', '10.0000', 'sector_01', '0106000020E764000001000000010300000001000000090000008FAC301E45911941E750194742755141CD9F0AF2BE9019413D0C28833575514163AA6459B6901941ACC112DE35755141A87195B4749019415932C57838755141C1EDCA686290194107D27338387551417EF5D08E46901941CB3AF8F03C7551417EF5D08E469019412075F8F03C7551412CBFAD9E47901941EE37FB483F7551418FAC301E45911941E750194742755141', 'hc_default');
INSERT INTO "sample_epaswmm"."subcatchment" VALUES ('S51', 'N51', '41', '0.363698', '90.0000', '43.2363', '2.7170', '84.1188', null, '0.0130', '0.0250', '4.5036', '0.0000', '0.0000', 'IMPERVIOUS', '100.0000', null, null, null, null, null, null, null, null, '83.0000', '0.0000', '10.0000', 'sector_01', '0106000020E76400000100000001030000000100000007000000563460A76C911941BD4DA324617551413255907703911941FC054AD463755141901F9A76CF9019415B62096F68755141DC564CDBEB9019415947A56C7275514151542C487391194158B7E61B7A755141FCFF46DCBB91194161C67FA078755141563460A76C911941BD4DA32461755141', 'hc_default');
INSERT INTO "sample_epaswmm"."subcatchment" VALUES ('S52', 'N52', '41', '0.436791', '90.0000', '47.3296', '4.2295', '92.2872', null, '0.0130', '0.0250', '3.6256', '0.0000', '0.0000', 'IMPERVIOUS', '100.0000', null, null, null, null, null, null, null, null, '83.0000', '0.0000', '10.0000', 'sector_01', '0106000020E76400000100000001030000000100000008000000702DA9D12C9219410242FB3563755141A28682E6CA911941200536975E7551414942232075911941C60DBE7160755141563460A76C911941BD4DA32461755141FCFF46DCBB91194161C67FA07875514149088BE0E69119411A3C41C678755141B0A2F9996C921941847B0A6D76755141702DA9D12C9219410242FB3563755141', 'hc_default');
INSERT INTO "sample_epaswmm"."subcatchment" VALUES ('S53', 'N53', '41', '0.296166', '80.0000', '36.8413', '12.6956', '80.3898', null, '0.0130', '0.0250', '2.1158', '0.0000', '0.0000', 'IMPERVIOUS', '100.0000', null, null, null, null, null, null, null, null, '83.7164', '0.0000', '10.0000', 'sector_01', '0106000020E764000001000000010300000001000000060000009989F44857911941293C9A4A7C75514133F41BEDD09019418F2CEB76867551415EC3273BEC901941F7054163907551418791DF23659119410B7EFF9A96755141FC9EFD779091194168BA5712917551419989F44857911941293C9A4A7C755141', 'hc_default');
INSERT INTO "sample_epaswmm"."subcatchment" VALUES ('S54', 'N54', '41', '0.328664', '90.0000', '40.3126', '10.4924', '81.5288', null, '0.0130', '0.0250', '2.3229', '0.0000', '0.0000', 'IMPERVIOUS', '100.0000', null, null, null, null, null, null, null, null, '84.0337', '0.0000', '10.0000', 'sector_01', '0106000020E7640000010000000103000000010000000800000049088BE0E69119411A3C41C678755141FCFF46DCBB91194161C67FA07875514151542C487391194158B7E61B7A75514136E1EBC3579119417B6D6B337C7551419989F44857911941293C9A4A7C755141FC9EFD779091194168BA57129175514138829E012592194165BF95268B75514149088BE0E69119411A3C41C678755141', 'hc_default');
INSERT INTO "sample_epaswmm"."subcatchment" VALUES ('S55', 'N55', '41', '0.368637', '80.0000', '43.7758', '4.5683', '84.2102', null, '0.0130', '0.0250', '3.4913', '0.0000', '0.0000', 'IMPERVIOUS', '100.0000', null, null, null, null, null, null, null, null, '88.4935', '0.0000', '10.0000', 'sector_01', '0106000020E7640000010000000103000000010000000A0000004CF84F85D492194126D3CFB48E75514138829E012592194165BF95268B755141FC9EFD779091194168BA5712917551418791DF23659119410B7EFF9A96755141DCB8102F729119413586CBF09B7551416CB4E06F8D9119414EDE7D609C75514175C419AED29119419235B3F09B75514132C437E7E1921941AA1E8AC490755141DCEB0AF6E7921941EC33FAE98F7551414CF84F85D492194126D3CFB48E755141', 'hc_default');
INSERT INTO "sample_epaswmm"."subcatchment" VALUES ('S56', 'N56', '41', '0.207517', '80.0000', '30.9145', '2.8511', '67.1260', null, '0.0130', '0.0250', '4.3985', '0.0000', '0.0000', 'IMPERVIOUS', '100.0000', null, null, null, null, null, null, null, null, '87.9808', '0.0000', '10.0000', 'sector_01', '0106000020E76400000100000001030000000100000005000000D858338EEE921941B8B3C96F9975514132C437E7E1921941AA1E8AC49075514175C419AED29119419235B3F09B755141E5C413B877921941B6831053A0755141D858338EEE921941B8B3C96F99755141', 'hc_default');
INSERT INTO "sample_epaswmm"."subcatchment" VALUES ('S57', 'N57', '41', '0.349323', '90.0000', '40.6342', '3.1781', '85.9677', null, '0.0130', '0.0250', '4.1706', '0.0000', '0.0000', 'IMPERVIOUS', '100.0000', null, null, null, null, null, null, null, null, '85.5823', '0.0000', '10.0000', 'sector_01', '0106000020E76400000100000001030000000100000007000000FA98B2F16D9219413B78226F76755141B0A2F9996C921941847B0A6D7675514149088BE0E69119411A3C41C67875514138829E012592194165BF95268B7551414CF84F85D492194126D3CFB48E755141DE69EB40899219415106F16A78755141FA98B2F16D9219413B78226F76755141', 'hc_default');
INSERT INTO "sample_epaswmm"."subcatchment" VALUES ('S58', 'N58', '41', '0.292477', '90.0000', '36.8598', '4.8442', '79.3485', null, '0.0130', '0.0250', '3.3924', '0.0000', '0.0000', 'IMPERVIOUS', '100.0000', null, null, null, null, null, null, null, null, '84.7510', '0.0000', '10.0000', 'sector_01', '0106000020E7640000010000000103000000010000000800000009CFAFC9309319412B8E65037E755141DE69EB40899219415106F16A787551414CF84F85D492194126D3CFB48E755141DCEB0AF6E7921941EC33FAE98F755141F84A17503C9319417037BFB08E755141CAC5EF10429319413DAC27658E75514102C144D761931941AE6938ED8A75514109CFAFC9309319412B8E65037E755141', 'hc_default');
INSERT INTO "sample_epaswmm"."subcatchment" VALUES ('S59', 'N59', '41', '0.285531', '90.0000', '36.4022', '4.3333', '78.4378', null, '0.0130', '0.0250', '3.5828', '0.0000', '0.0000', 'IMPERVIOUS', '100.0000', null, null, null, null, null, null, null, null, '83.0000', '0.0000', '10.0000', 'sector_01', '0106000020E764000001000000010300000001000000050000003EAFA52171941941F7D972147A75514109CFAFC9309319412B8E65037E75514102C144D761931941AE6938ED8A75514136FB565B49941941B94CE0A3817551413EAFA52171941941F7D972147A755141', 'hc_default');
INSERT INTO "sample_epaswmm"."subcatchment" VALUES ('S60', 'N60', '41', '0.213464', '90.0000', '31.4867', '3.1749', '67.7950', null, '0.0130', '0.0250', '4.1727', '0.0000', '0.0000', 'IMPERVIOUS', '100.0000', null, null, null, null, null, null, null, null, '83.0000', '0.0000', '10.0000', 'sector_01', '0106000020E76400000100000001030000000100000006000000842BB523559419415F99F7F68475514136FB565B49941941B94CE0A38175514102C144D761931941AE6938ED8A755141CAC5EF10429319413DAC27658E75514198EF15F5159419410F18861391755141842BB523559419415F99F7F684755141', 'hc_default');
INSERT INTO "sample_epaswmm"."subcatchment" VALUES ('S61', 'N61', '41', '0.446953', '90.0000', '43.0040', '4.0122', '103.9328', null, '0.0130', '0.0250', '3.7206', '0.0000', '0.0000', 'IMPERVIOUS', '100.0000', null, null, null, null, null, null, null, null, '83.0000', '0.0000', '10.0000', 'sector_01', '0106000020E7640000010000000103000000010000000900000040E6D992369419414615779B70755141B43EB93A7492194158953B2376755141FA98B2F16D9219413B78226F76755141DE69EB40899219415106F16A7875514109CFAFC9309319412B8E65037E7551413EAFA52171941941F7D972147A7551411E6339208A94194137FE45E5777551415CE553F99D941941D294566B7475514140E6D992369419414615779B70755141', 'hc_default');
INSERT INTO "sample_epaswmm"."subcatchment" VALUES ('S62', 'N62', '41', '0.301839', '90.0000', '34.5372', '2.3445', '87.3955', null, '0.0130', '0.0250', '4.8411', '0.0000', '0.0000', 'IMPERVIOUS', '100.0000', null, null, null, null, null, null, null, null, '83.0000', '0.0000', '10.0000', 'sector_01', '0106000020E764000001000000010300000001000000060000004D3A7FEB7F9319412D0E95ED68755141B8CED075EF921941E14AB0AB6A755141B43EB93A7492194158953B237675514140E6D992369419414615779B707551417FEB6B0D21941941F38B6D026F7551414D3A7FEB7F9319412D0E95ED68755141', 'hc_default');
INSERT INTO "sample_epaswmm"."subcatchment" VALUES ('S63', 'N63', '41', '0.347672', '90.0000', '38.0122', '5.9583', '91.4632', null, '0.0130', '0.0250', '3.0652', '0.0000', '0.0000', 'IMPERVIOUS', '100.0000', null, null, null, null, null, null, null, null, '78.7732', '0.0000', '10.0000', 'sector_01', '0106000020E76400000100000001030000000100000008000000C60CEAD6CC931941885456CE547551414A263E38C3931941A070951454755141D1AAC1E09493194172C11A5452755141281A3B774D93194122D67ABE547551419F23B7164293194135085910577551414D3A7FEB7F9319412D0E95ED687551417FEB6B0D21941941F38B6D026F755141C60CEAD6CC931941885456CE54755141', 'hc_default');
INSERT INTO "sample_epaswmm"."subcatchment" VALUES ('S64', 'N64', '41', '0.389686', '90.0000', '38.7126', '5.0334', '100.6613', null, '0.0130', '0.0250', '3.3293', '0.0000', '0.0000', 'IMPERVIOUS', '100.0000', null, null, null, null, null, null, null, null, '83.0000', '0.0000', '10.0000', 'sector_01', '0106000020E76400000100000001030000000100000007000000361FF3C1799419415450C4C85B755141C60CEAD6CC931941885456CE547551417FEB6B0D21941941F38B6D026F75514140E6D992369419414615779B707551415CE553F99D941941D294566B74755141B2914934C09419414A52D93F73755141361FF3C1799419415450C4C85B755141', 'hc_default');
INSERT INTO "sample_epaswmm"."subcatchment" VALUES ('S65', 'N65', '41', '0.236532', '90.0000', '35.6654', '10.6499', '66.3196', null, '0.0130', '0.0250', '2.3060', '0.0000', '0.0000', 'IMPERVIOUS', '100.0000', null, null, null, null, null, null, null, null, '83.0007', '0.0000', '10.0000', 'sector_01', '0106000020E76400000100000001030000000100000008000000609084749C911941B0C708253D755141C1AD644189911941E0788E8B367551417FF3066A44911941CF4C8DFF2F755141CD9F0AF2BE9019413D0C2883357551418FAC301E45911941E750194742755141FA997272669119417E7DBD9443755141976AD097779119416A6889E542755141609084749C911941B0C708253D755141', 'hc_default');
INSERT INTO "sample_epaswmm"."subcatchment" VALUES ('S66', 'N66', '41', '0.090918', '90.0000', '21.0980', '7.6104', '43.0934', null, '0.0130', '0.0250', '2.7188', '0.0000', '0.0000', 'IMPERVIOUS', '100.0000', null, null, null, null, null, null, null, null, '83.2838', '0.0000', '10.0000', 'sector_01', '0106000020E76400000100000001030000000100000006000000C1AD644189911941E0788E8B367551417D17200AEA911941E0F98E2D2D755141C0D4DD91CD91194155F56F8D2A75514105598392B4911941FA88555D2B7551417FF3066A44911941CF4C8DFF2F755141C1AD644189911941E0788E8B36755141', 'hc_default');
INSERT INTO "sample_epaswmm"."subcatchment" VALUES ('S67', 'N67', '41', '0.282449', '90.0000', '39.4283', '3.8371', '71.6361', null, '0.0130', '0.0250', '3.8028', '0.0000', '0.0000', 'IMPERVIOUS', '100.0000', null, null, null, null, null, null, null, null, '83.0000', '0.0000', '10.0000', 'sector_01', '0106000020E7640000010000000103000000010000000700000069630D60719219410DA5DE0F4B7551413BA2D7E2379219412F97128945755141976AD097779119416A6889E542755141FA997272669119417E7DBD9443755141809033F354911941D01656F446755141989889F2EB91194101ADE1125575514169630D60719219410DA5DE0F4B755141', 'hc_default');
INSERT INTO "sample_epaswmm"."subcatchment" VALUES ('S68', 'N68', '41', '0.479863', '90.0000', '51.8660', '4.4623', '92.5199', null, '0.0130', '0.0250', '3.5317', '0.0000', '0.0000', 'IMPERVIOUS', '100.0000', null, null, null, null, null, null, null, null, '81.2026', '0.0000', '10.0000', 'sector_01', '0106000020E76400000100000001030000000100000008000000BA53E1521C931941D6F7D0893C7551413BA2D7E2379219412F9712894575514169630D60719219410DA5DE0F4B755141F8142F2B349319413820566554755141281A3B774D93194122D67ABE54755141D1AAC1E09493194172C11A5452755141F6DB69E0A2931941651BCCF94C755141BA53E1521C931941D6F7D0893C755141', 'hc_default');
INSERT INTO "sample_epaswmm"."subcatchment" VALUES ('S69', 'N69', '41', '0.388784', '90.0000', '46.3135', '5.8044', '83.9461', null, '0.0130', '0.0250', '3.1047', '0.0000', '0.0000', 'IMPERVIOUS', '100.0000', null, null, null, null, null, null, null, null, '83.0000', '0.0000', '10.0000', 'sector_01', '0106000020E76400000100000001030000000100000008000000809033F354911941D01656F4467551418CDD974C229119412FBB57444A755141885BCA30ED9019419E3735C0537551414942232075911941C60DBE7160755141A28682E6CA911941200536975E755141369B216BFC911941B18FB25958755141989889F2EB91194101ADE11255755141809033F354911941D01656F446755141', 'hc_default');
INSERT INTO "sample_epaswmm"."subcatchment" VALUES ('S70', 'N70', '41', '0.200695', '90.0000', '33.0939', '4.5619', '60.6441', null, '0.0130', '0.0250', '3.4937', '0.0000', '0.0000', 'IMPERVIOUS', '100.0000', null, null, null, null, null, null, null, null, '83.0000', '0.0000', '10.0000', 'sector_01', '0106000020E76400000100000001030000000100000007000000885BCA30ED9019419E3735C0537551415612AA98D590194161E6E9695475514188B343B687901941116905905E7551413255907703911941FC054AD463755141563460A76C911941BD4DA324617551414942232075911941C60DBE7160755141885BCA30ED9019419E3735C053755141', 'hc_default');
INSERT INTO "sample_epaswmm"."subcatchment" VALUES ('S71', 'N71', '41', '0.340309', '90.0000', '41.6150', '5.4179', '81.7755', null, '0.0130', '0.0250', '3.2114', '0.0000', '0.0000', 'IMPERVIOUS', '100.0000', null, null, null, null, null, null, null, null, '76.1746', '0.0000', '10.0000', 'sector_01', '0106000020E76400000100000001030000000100000008000000F8142F2B349319413820566554755141369B216BFC911941B18FB25958755141A28682E6CA911941200536975E755141702DA9D12C9219410242FB35637551414F18D0DCD0921941C55F2623617551419F23B716429319413508591057755141281A3B774D93194122D67ABE54755141F8142F2B349319413820566554755141', 'hc_default');
INSERT INTO "sample_epaswmm"."subcatchment" VALUES ('S72', 'N72', '41', '0.214112', '90.0000', '31.0686', '2.4006', '68.9159', null, '0.0130', '0.0250', '4.7853', '0.0000', '0.0000', 'IMPERVIOUS', '100.0000', null, null, null, null, null, null, null, null, '78.9227', '0.0000', '10.0000', 'sector_01', '0106000020E7640000010000000103000000010000000500000069630D60719219410DA5DE0F4B755141989889F2EB91194101ADE11255755141369B216BFC911941B18FB25958755141F8142F2B34931941382056655475514169630D60719219410DA5DE0F4B755141', 'hc_default');
INSERT INTO "sample_epaswmm"."subcatchment" VALUES ('S73', 'N73', '41', '0.497480', '90.0000', '50.8074', '3.6284', '97.9149', null, '0.0130', '0.0250', '3.9085', '0.0000', '0.0000', 'IMPERVIOUS', '100.0000', null, null, null, null, null, null, null, null, '83.0000', '0.0000', '10.0000', 'sector_01', '0106000020E764000001000000010300000001000000080000008BF30F69DD9219411459E99B317551412F84C701A6921941C65E632A32755141609084749C911941B0C708253D755141976AD097779119416A6889E5427551413BA2D7E2379219412F97128945755141BA53E1521C931941D6F7D0893C7551413A9E26522693194181FA728F327551418BF30F69DD9219411459E99B31755141', 'hc_default');
INSERT INTO "sample_epaswmm"."subcatchment" VALUES ('S74', 'N74', '41', '0.210338', '90.0000', '31.2254', '10.3643', '67.3612', null, '0.0130', '0.0250', '2.3370', '0.0000', '0.0000', 'IMPERVIOUS', '100.0000', null, null, null, null, null, null, null, null, '83.0000', '0.0000', '10.0000', 'sector_01', '0106000020E764000001000000010300000001000000050000007D17200AEA911941E0F98E2D2D755141C1AD644189911941E0788E8B36755141609084749C911941B0C708253D7551412F84C701A6921941C65E632A327551417D17200AEA911941E0F98E2D2D755141', 'hc_default');
INSERT INTO "sample_epaswmm"."subcatchment" VALUES ('S75', 'N75', '41', '0.157548', '90.0000', '29.0269', '5.3430', '54.2764', null, '0.0130', '0.0250', '3.2333', '0.0000', '0.0000', 'IMPERVIOUS', '100.0000', null, null, null, null, null, null, null, null, '74.8638', '0.0000', '10.0000', 'sector_01', '0106000020E76400000100000001030000000100000007000000F6EE401E4B941941C0A152AD187551416A3EDDD8CC93194157541C70127551414BE448C7A19319419C154AA615755141155A404474931941C2065A7B17755141355131755F931941912D4698187551415C2308BAA99319417699DB1B20755141F6EE401E4B941941C0A152AD18755141', 'hc_default');
INSERT INTO "sample_epaswmm"."subcatchment" VALUES ('S76', 'N76', '41', '0.167950', '90.0000', '28.1109', '10.9236', '59.7455', null, '0.0130', '0.0250', '2.2775', '0.0000', '0.0000', 'IMPERVIOUS', '100.0000', null, null, null, null, null, null, null, null, '83.2766', '0.0000', '10.0000', 'sector_01', '0106000020E764000001000000010300000001000000070000007D17200AEA911941E0F98E2D2D7551412F84C701A6921941C65E632A327551418BF30F69DD9219411459E99B31755141EACF0580569219410A59090125755141AEB24008D6911941CDBF0E472A755141C0D4DD91CD91194155F56F8D2A7551417D17200AEA911941E0F98E2D2D755141', 'hc_default');
INSERT INTO "sample_epaswmm"."subcatchment" VALUES ('S77', 'N77', '41', '0.285861', '90.0000', '39.1259', '6.7407', '73.0618', null, '0.0130', '0.0250', '2.8854', '0.0000', '0.0000', 'IMPERVIOUS', '100.0000', null, null, null, null, null, null, null, null, '83.1444', '0.0000', '10.0000', 'sector_01', '0106000020E7640000010000000103000000010000000700000080249C877E931941556484902E75514198C242D7DB921941D562B17F1F75514180BDE9ADDA921941AF7B03941F755141EACF0580569219410A590901257551418BF30F69DD9219411459E99B317551413A9E26522693194181FA728F3275514180249C877E931941556484902E755141', 'hc_default');
INSERT INTO "sample_epaswmm"."subcatchment" VALUES ('S78', 'N78', '41', '0.236530', '90.0000', '33.5414', '5.0565', '70.5188', null, '0.0130', '0.0250', '3.3218', '0.0000', '0.0000', 'IMPERVIOUS', '100.0000', null, null, null, null, null, null, null, null, '79.5649', '0.0000', '10.0000', 'sector_01', '0106000020E764000001000000010300000001000000080000005C2308BAA99319417699DB1B20755141355131755F931941912D4698187551412BBA81A24E93194153FD9E7E19755141F00A789E0B9319416A76D03B1C75514198C242D7DB921941D562B17F1F75514180249C877E931941556484902E7551411411B5EA88931941CD8C1B582E7551415C2308BAA99319417699DB1B20755141', 'hc_default');
INSERT INTO "sample_epaswmm"."subcatchment" VALUES ('S79', 'N79', '41', '0.433619', '90.0000', '43.7593', '2.6026', '99.0918', null, '0.0130', '0.0250', '4.5996', '0.0000', '0.0000', 'IMPERVIOUS', '100.0000', null, null, null, null, null, null, null, null, '83.0000', '0.0000', '10.0000', 'sector_01', '0106000020E76400000100000001030000000100000007000000F6EE401E4B941941C0A152AD187551415C2308BAA99319417699DB1B207551411411B5EA88931941CD8C1B582E755141E251F7FC919319415EB80F6E2E755141B72F34D619951941AB940ECB1D7551417400248B0F95194103DBE7E218755141F6EE401E4B941941C0A152AD18755141', 'hc_default');
INSERT INTO "sample_epaswmm"."subcatchment" VALUES ('S80', 'N80', '41', '0.491930', '90.0000', '48.4219', '3.1623', '101.5925', null, '0.0130', '0.0250', '4.1808', '0.0000', '0.0000', 'IMPERVIOUS', '100.0000', null, null, null, null, null, null, null, null, '83.0000', '0.0000', '10.0000', 'sector_01', '0106000020E764000001000000010300000001000000080000006BD8457D449519413DCC3C2F22755141B72F34D619951941AB940ECB1D755141E251F7FC919319415EB80F6E2E755141ACA73C6208941941B86D75CF32755141D8A3872B3B94194157BE8821337551415A2744655F9519417A73601E2C755141E93A946260951941768707D32B7551416BD8457D449519413DCC3C2F22755141', 'hc_default');
INSERT INTO "sample_epaswmm"."subcatchment" VALUES ('S81', 'N81', '41', '0.214478', '90.0000', '32.0598', '2.2552', '66.8993', null, '0.0130', '0.0250', '4.9341', '0.0000', '0.0000', 'IMPERVIOUS', '100.0000', null, null, null, null, null, null, null, null, '83.0000', '0.0000', '10.0000', 'sector_01', '0106000020E76400000100000001030000000100000006000000ED4CA81B6F951941A4AF2CE42F7551415A2744655F9519417A73601E2C755141D8A3872B3B94194157BE882133755141785CA0C2C69419417AECF3703A755141A83E507F57951941311D109733755141ED4CA81B6F951941A4AF2CE42F755141', 'hc_default');
INSERT INTO "sample_epaswmm"."subcatchment" VALUES ('S82', 'N82', '41', '0.564226', '90.0000', '56.7097', '4.0158', '99.4938', null, '0.0130', '0.0250', '3.7189', '0.0000', '0.0000', 'IMPERVIOUS', '100.0000', null, null, null, null, null, null, null, null, '83.0000', '0.0000', '10.0000', 'sector_01', '0106000020E7640000010000000103000000010000000A000000ACA73C6208941941B86D75CF32755141E251F7FC919319415EB80F6E2E7551411411B5EA88931941CD8C1B582E75514180249C877E931941556484902E7551413A9E26522693194181FA728F32755141BA53E1521C931941D6F7D0893C755141F6DB69E0A2931941651BCCF94C755141340D7FF2EB93194121B2C839497551416EF6FED93194194189FE6E033F755141ACA73C6208941941B86D75CF32755141', 'hc_default');
INSERT INTO "sample_epaswmm"."subcatchment" VALUES ('S83', 'N83', '41', '0.311321', '90.0000', '36.8336', '5.4208', '84.5210', null, '0.0130', '0.0250', '3.2105', '0.0000', '0.0000', 'IMPERVIOUS', '100.0000', null, null, null, null, null, null, null, null, '83.0000', '0.0000', '10.0000', 'sector_01', '0106000020E764000001000000010300000001000000070000008A796B9870951941BACA3B2C5175514130583D9F629519419F012B864E7551414A263E38C3931941A070951454755141C60CEAD6CC931941885456CE54755141361FF3C1799419415450C4C85B7551411B6171C511951941E58D21EA597551418A796B9870951941BACA3B2C51755141', 'hc_default');
INSERT INTO "sample_epaswmm"."subcatchment" VALUES ('S84', 'N84', '41', '0.438029', '90.0000', '45.4211', '3.2076', '96.4373', null, '0.0130', '0.0250', '4.1518', '0.0000', '0.0000', 'IMPERVIOUS', '100.0000', null, null, null, null, null, null, null, null, '83.0000', '0.0000', '10.0000', 'sector_01', '0106000020E76400000100000001030000000100000009000000B213C5F814951941E10F3F6645755141340D7FF2EB93194121B2C83949755141F6DB69E0A2931941651BCCF94C755141D1AAC1E09493194172C11A54527551414A263E38C3931941A07095145475514130583D9F629519419F012B864E755141898466336895194118254C9D497551413AB8EFED5D95194178C6C09647755141B213C5F814951941E10F3F6645755141', 'hc_default');
INSERT INTO "sample_epaswmm"."subcatchment" VALUES ('S85', 'N85', '41', '0.181094', '90.0000', '28.8127', '2.2869', '62.8523', null, '0.0130', '0.0250', '4.9004', '0.0000', '0.0000', 'IMPERVIOUS', '100.0000', null, null, null, null, null, null, null, null, '83.0000', '0.0000', '10.0000', 'sector_01', '0106000020E7640000010000000103000000010000000500000001983AA4D3941941A3FB15CB3F7551416EF6FED93194194189FE6E033F755141340D7FF2EB93194121B2C83949755141B213C5F814951941E10F3F664575514101983AA4D3941941A3FB15CB3F755141', 'hc_default');
INSERT INTO "sample_epaswmm"."subcatchment" VALUES ('S86', 'N86', '41', '0.159455', '90.0000', '28.0719', '3.0083', '56.8025', null, '0.0130', '0.0250', '4.2844', '0.0000', '0.0000', 'IMPERVIOUS', '100.0000', null, null, null, null, null, null, null, null, '83.0000', '0.0000', '10.0000', 'sector_01', '0106000020E76400000100000001030000000100000006000000D8A3872B3B94194157BE882133755141ACA73C6208941941B86D75CF327551416EF6FED93194194189FE6E033F75514101983AA4D3941941A3FB15CB3F755141785CA0C2C69419417AECF3703A755141D8A3872B3B94194157BE882133755141', 'hc_default');
INSERT INTO "sample_epaswmm"."subcatchment" VALUES ('S87', 'N87', '41', '0.200003', '90.0000', '30.6821', '2.6286', '65.1857', null, '0.0130', '0.0250', '4.5772', '0.0000', '0.0000', 'IMPERVIOUS', '100.0000', null, null, null, null, null, null, null, null, '83.0000', '0.0000', '10.0000', 'sector_01', '0106000020E76400000100000001030000000100000007000000A83E507F57951941311D109733755141785CA0C2C69419417AECF3703A75514101983AA4D3941941A3FB15CB3F755141B213C5F814951941E10F3F66457551413AB8EFED5D95194178C6C096477551412E3A056F659519419FE601B546755141A83E507F57951941311D109733755141', 'hc_default');
INSERT INTO "sample_epaswmm"."subcatchment" VALUES ('S88', 'N88', '41', '0.245652', '90.0000', '36.5746', '2.1785', '67.1648', null, '0.0130', '0.0250', '5.0184', '0.0000', '0.0000', 'IMPERVIOUS', '100.0000', null, null, null, null, null, null, null, null, '83.0000', '0.0000', '10.0000', 'sector_01', '0106000020E764000001000000010300000001000000070000002A5A197081961941AE9FCAB73475514129148405E1951941DCB98450357551414834A630E89519413E4928323F755141170E135EF896194177E26A9E3E75514106CFEFADEA961941CC0B8E0C3A7551410F3B494AB89619419DCEC60C367551412A5A197081961941AE9FCAB734755141', 'hc_default');
INSERT INTO "sample_epaswmm"."subcatchment" VALUES ('S89', 'N89', '41', '0.225015', '90.0000', '31.8056', '2.1738', '70.7469', null, '0.0130', '0.0250', '5.0237', '0.0000', '0.0000', 'OUTLET', '100.0000', null, null, null, null, null, null, null, null, '83.0000', '0.0000', '10.0000', 'sector_01', '0106000020E76400000100000001030000000100000006000000ED4CA81B6F951941A4AF2CE42F755141A83E507F57951941311D1097337551412E3A056F659519419FE601B5467551414834A630E89519413E4928323F75514129148405E1951941DCB9845035755141ED4CA81B6F951941A4AF2CE42F755141', 'hc_default');
INSERT INTO "sample_epaswmm"."subcatchment" VALUES ('S90', 'N90', '41', '0.261062', '90.0000', '36.3886', '3.7921', '71.7428', null, '0.0130', '0.0250', '3.8248', '0.0000', '0.0000', 'IMPERVIOUS', '100.0000', null, null, null, null, null, null, null, null, '79.2674', '0.0000', '10.0000', 'sector_01', '0106000020E764000001000000010300000001000000080000006A3EDDD8CC93194157541C7012755141F6EE401E4B941941C0A152AD187551417400248B0F95194103DBE7E218755141642F7DFE139519419558AA2C18755141682814CB1695194195D4D262157551417F17CDE22E941941F51484AD0A75514132319504EC931941F1E70F1D107551416A3EDDD8CC93194157541C7012755141', 'hc_default');
INSERT INTO "sample_epaswmm"."subcatchment" VALUES ('S91', 'N91', '41', '0.267273', '90.0000', '35.6211', '5.9772', '75.0321', null, '0.0130', '0.0250', '3.0604', '0.0000', '0.0000', 'IMPERVIOUS', '100.0000', null, null, null, null, null, null, null, null, '78.5505', '0.0000', '10.0000', 'sector_01', '0106000020E76400000100000001030000000100000009000000F4C74DF54E951941B3481CE00C755141D690DB104D95194183D886CA0B755141E66DA8CB7A9419411D1A8C9B01755141B7590852729419412982684F02755141A8E607A5829419419D22E7D90375514136E1D4EF6B9419412AC106B7057551417F17CDE22E941941F51484AD0A755141682814CB1695194195D4D26215755141F4C74DF54E951941B3481CE00C755141', 'hc_default');
INSERT INTO "sample_epaswmm"."subcatchment" VALUES ('S92', 'N92', '41', '0.348042', '90.0000', '39.9304', '5.5373', '87.1621', null, '0.0130', '0.0250', '3.1772', '0.0000', '0.0000', 'IMPERVIOUS', '100.0000', null, null, null, null, null, null, null, null, '68.9078', '0.0000', '10.0000', 'sector_01', '0106000020E76400000100000001030000000100000006000000D690DB104D95194183D886CA0B755141E25992E17C951941190DFF17027551417702B4A1469519418EC259DDF0745141ABE2EB2BD9941941391BACC8F9745141E66DA8CB7A9419411D1A8C9B01755141D690DB104D95194183D886CA0B755141', 'hc_default');
INSERT INTO "sample_epaswmm"."subcatchment" VALUES ('S93', 'N93', '41', '0.199968', '90.0000', '31.9659', '2.5266', '62.5567', null, '0.0130', '0.0250', '4.6668', '0.0000', '0.0000', 'IMPERVIOUS', '100.0000', null, null, null, null, null, null, null, null, '83.0000', '0.0000', '10.0000', 'sector_01', '0106000020E76400000100000001030000000100000007000000CFAFEAEB2F961941D3D4EF422B755141E93A946260951941768707D32B7551415A2744655F9519417A73601E2C755141ED4CA81B6F951941A4AF2CE42F75514129148405E1951941DCB98450357551412A5A197081961941AE9FCAB734755141CFAFEAEB2F961941D3D4EF422B755141', 'hc_default');
INSERT INTO "sample_epaswmm"."subcatchment" VALUES ('S94', 'N94', '41', '0.409847', '90.0000', '48.5014', '6.2660', '84.5020', null, '0.0130', '0.0250', '2.9905', '0.0000', '0.0000', 'IMPERVIOUS', '100.0000', null, null, null, null, null, null, null, null, '59.4784', '0.0000', '10.0000', 'sector_01', '0106000020E7640000010000000103000000010000000C000000E25992E17C951941190DFF1702755141EC47ABEC3D961941276B9C93017551418C816845819619411DB87964F97451410DAE38BB199619419969C8B9F3745141A2E4B82CD49519412C955D5AEF74514127C22EC1BC9519414B7A9105EF74514131D7D6B2959519416B89B548EF745141F0A4AEAB7C951941171BD5F5EF7451415D795E7266951941CA8BC53DF174514118EC10BC4995194188769F9CF07451417702B4A1469519418EC259DDF0745141E25992E17C951941190DFF1702755141', 'hc_default');
INSERT INTO "sample_epaswmm"."subcatchment" VALUES ('S95', 'N95', '41', '0.207417', '90.0000', '32.8806', '11.1235', '63.0817', null, '0.0130', '0.0250', '2.2574', '0.0000', '0.0000', 'IMPERVIOUS', '100.0000', null, null, null, null, null, null, null, null, '83.0000', '0.0000', '10.0000', 'sector_01', '0106000020E76400000100000001030000000100000008000000EC47ABEC3D961941276B9C93017551410A6A7F467B9619417845E2FB0B75514124D1020C91961941DDF315C00C7551419E0B325E0A971941243C54EE0075514162726A86EC9619414CB7DF4BFF745141490F9892B89619419D944D6BFC7451418C816845819619411DB87964F9745141EC47ABEC3D961941276B9C9301755141', 'hc_default');
INSERT INTO "sample_epaswmm"."subcatchment" VALUES ('S96', 'N96', '41', '0.265399', '90.0000', '37.4176', '7.6229', '70.9289', null, '0.0130', '0.0250', '2.7166', '0.0000', '0.0000', 'IMPERVIOUS', '100.0000', null, null, null, null, null, null, null, null, '83.0000', '0.0000', '10.0000', 'sector_01', '0106000020E76400000100000001030000000100000006000000EC47ABEC3D961941276B9C9301755141E25992E17C951941190DFF1702755141D690DB104D95194183D886CA0B755141F4C74DF54E951941B3481CE00C7551410A6A7F467B9619417845E2FB0B755141EC47ABEC3D961941276B9C9301755141', 'hc_default');
INSERT INTO "sample_epaswmm"."subcatchment" VALUES ('S97', 'N97', '41', '0.450724', '90.0000', '46.4014', '2.0535', '97.1359', null, '0.0130', '0.0250', '5.1659', '0.0000', '0.0000', 'IMPERVIOUS', '100.0000', null, null, null, null, null, null, null, null, '83.0000', '0.0000', '10.0000', 'sector_01', '0106000020E7640000010000000103000000010000000800000024D1020C91961941DDF315C00C7551410A6A7F467B9619417845E2FB0B755141F4C74DF54E951941B3481CE00C755141682814CB1695194195D4D26215755141642F7DFE139519419558AA2C187551411D05087EE196194113D63E0F17755141FD956C61DA96194175049B3F1475514124D1020C91961941DDF315C00C755141', 'hc_default');
INSERT INTO "sample_epaswmm"."subcatchment" VALUES ('S98', 'N98', '41', '0.479102', '90.0000', '46.0678', '2.4709', '103.9993', null, '0.0130', '0.0250', '4.7181', '0.0000', '0.0000', 'IMPERVIOUS', '100.0000', null, null, null, null, null, null, null, null, '83.0000', '0.0000', '10.0000', 'sector_01', '0106000020E764000001000000010300000001000000090000001D05087EE196194113D63E0F17755141642F7DFE139519419558AA2C187551417400248B0F95194103DBE7E218755141B72F34D619951941AB940ECB1D7551416BD8457D449519413DCC3C2F22755141B675E1B2DF961941312998F4207551418BC19627E296194146E3F6E420755141365517481C971941A976D8821D7551411D05087EE196194113D63E0F17755141', 'hc_default');
INSERT INTO "sample_epaswmm"."subcatchment" VALUES ('S99', 'N99', '41', '0.301910', '90.0000', '35.6178', '2.5629', '84.7638', null, '0.0130', '0.0250', '4.6343', '0.0000', '0.0000', 'IMPERVIOUS', '100.0000', null, null, null, null, null, null, null, null, '83.0000', '0.0000', '10.0000', 'sector_01', '0106000020E76400000100000001030000000100000005000000B675E1B2DF961941312998F4207551416BD8457D449519413DCC3C2F22755141E93A946260951941768707D32B755141CFAFEAEB2F961941D3D4EF422B755141B675E1B2DF961941312998F420755141', 'hc_default');
 

-- ----------------------------
-- Alter Sequences Owned By 
-- ----------------------------
