/*
This file is part of Giswater
This program is free software: you can redistribute it and/or modify it under the terms of the GNU General Public License as published by the Free Software Foundation, either version 3 of the License, or (at your option) any later version.
*/


-- ----------------------------
-- Records of cat_arc
-- ----------------------------
 
INSERT INTO "sample_epaswmm"."cat_arc" VALUES ('CC040', 'CIRCULAR', null, null, '0.4000', '0.0000', '0.0000', '0.0000', null, 'C40', null);
INSERT INTO "sample_epaswmm"."cat_arc" VALUES ('CC060', 'CIRCULAR', null, null, '0.6000', '0.0000', '0.0000', '0.0000', null, 'C60', null);
INSERT INTO "sample_epaswmm"."cat_arc" VALUES ('CC080', 'CIRCULAR', null, null, '0.8000', '0.0000', '0.0000', '0.0000', null, 'C80', null);
INSERT INTO "sample_epaswmm"."cat_arc" VALUES ('CC100', 'CIRCULAR', null, null, '1.0000', '0.0000', '0.0000', '0.0000', null, 'C100', null);
INSERT INTO "sample_epaswmm"."cat_arc" VALUES ('CC120', 'CIRCULAR', null, null, '1.2000', '0.0000', '0.0000', '0.0000', null, 'C120', null);
INSERT INTO "sample_epaswmm"."cat_arc" VALUES ('CC200', 'CIRCULAR', null, null, '2.0000', '0.0000', '0.0000', '0.0000', null, 'C200', null);
INSERT INTO "sample_epaswmm"."cat_arc" VALUES ('EG150', 'EGG', null, null, '1.5000', '1.0000', '0.0000', '0.0000', null, 'E150', null);
INSERT INTO "sample_epaswmm"."cat_arc" VALUES ('RC150', 'RECT_CLOSED', null, null, '1.5000', '1.5000', '0.0000', '0.0000', null, 'R150', null);
INSERT INTO "sample_epaswmm"."cat_arc" VALUES ('RC200', 'RECT_CLOSED', null, null, '2.0000', '2.0000', '0.0000', '0.0000', null, 'R200', null);
 

-- ----------------------------
-- Records of cat_mat
-- ----------------------------
 
INSERT INTO "sample_epaswmm"."cat_mat" VALUES ('Concret', 'Concret', '0.0140');
INSERT INTO "sample_epaswmm"."cat_mat" VALUES ('PVC', 'PVC', '0.0110');
 

-- ----------------------------
-- Records of sector
-- ----------------------------
 
INSERT INTO "sample_epaswmm"."sector" VALUES ('sector_01', null, '0106000020E76400000100000001030000000100000081000000A3023D3359981941E8AD066963755141FADA099CD2981941C32615C85C75514184B6F71245991941A1FE3488567551419CFED3CA779919410B1551C353755141600934B18A9919410D6BFCB752755141262811D79D991941A7F0AFB0517551410137653BB1991941816A8CAD50755141E0B5E8BABD9919418A11410B507551411E7F11D9C4991941FF61D3AE4F755141C93140C04A9A19413E5458154A755141FEE49905DB9A19414A72DF0C4475514167363EA0609B19416BC997763E7551416C3BF85F639B19416F232A593E7551412E299A0DAF9B1941909C597D3B7551416A3FE9BC399B19414910F63D34755141F498709CEE9A19412158859B37755141F999F5F96A9A194180BE957830755141F0FEF5DC629A19417CB962063075514144A02CBBE3991941A2EFEC0829755141EBFC97B36A99194134265C6122755141293C0273F39819411DB4CFD21B75514130650477C198194133524013197551416B8EE46D7B981941E6153C3515755141A0C7FB30039819413E5B90910E7551419BE08C75EF97194188D2A17A0D7551411FB694008C971941F78B76050875514138E89E880A9719417EBEB0EA00755141ED0F9892B8961941A4944D6BFC7451419713C3B381961941D5645057F9745141E6EEB02BCD95194107E6B736EF745141E9E561C9C795194132CD5721EF745141CC67794DC29519411547E510EF745141CBC22EC1BC951941527A9105EF745141AEF9AC2BB7951941B3665CFFEE7451413E101F94B19519419CD066FEEE7451413D2DB602AC9519412DF38F02EF745141E8529D7EA6951941DF6BC70BEF7451413722ED0B9E95194165729225EF745141D6D7D6B2959519417289B548EF745141B4E6C2848D9519419689FF74EF745141CF750D918595194127C2FDA9EF74514122D0010F81951941790883CDEF74514194A5AEAB7C951941201BD5F5EF745141D3404B70789519419770B222F07451412C7EFC6274951941BFE1E953F0745141E038E78970951941D7822989F0745141BC4C30EB6C95194173CA2FC2F0745141FE93FC8C699519412F088AFEF0745141EC12BF194E95194107F9B43BF3745141370F21CC9094194170776AAC02755141C0D349BC2E9419419D64FAAB0A755141D8319504EC931941F6E70F1D107551414ED8A706D793194125437F2F11755141B80609D9C9931941FE7D534A12755141F1E448C7A1931941A4154AA615755141B927F58B7D931941702E9D1917755141C809886C5D9319419DCDEA6318755141C2A8E580CD921941FE8DC82B1E755141E65B0608949219418218BE7A2075514120488F9D6F921941A01588F1217551414E80E12B6B9219415EC1A08521755141698CA5C8429219417F98632923755141B2842BBCB9911941BC59C7B92875514162C46010A99119413AD30B6729755141AD598392B49119410189555D2B755141C08470684491194162CD9CFF2F7551418EE2F54B3F911941189BAB35307551410535A4EEBE9019410E084A833575514184C1EDC4A490194119E6FE9736755141517295B4749019416032C57838755141DC76E9D96590194107D38F443875514160EF194349901941EC2BC7383C755141C44A5799499019412FDB6F4F3F755141EC4E0D394A9019411149B107457551410AD854794C901941B58EF6A94A755141ADA1E87750901941811E32A9547551416A7E7C765490194109DD6DA85E7551412E4F107558901941807CA9A76875514186682B715C9019417E96B5A072755141F2C778985E901941FFFF77047875514197468BB85E9019410BD4EDE479755141161F749F5F9019411CC2FCA07C7551414CF9E15E62901941DD719AF584755141F6E9B40863901941F8FA659886755141C059B31667901941DAA125989075514192F4D9C569901941EA9EB236977551411EAFD6DC6F901941C6ECFEFA9E755141961FA30770901941E58694319F755141727567FC719019411918AB2AA07551413D3A67D074901941E66A3822A17551416ECF897F78901941E76EE416A27551418298B6057D901941F49C9807A3755141F8835349829019411B408CE5A37551410A03614A88901941A0FB04BFA47551413A7AC6048F901941F40C0D93A57551414170466E96901941CCB1AE60A675514191181E679990194105FAE7ACA6755141F53537C09C901941EA965AF5A675514155918872D8901941FD3532C4AA75514180C4493CEC90194116A0855FAB7551418471D8A8F4901941AC9AE3B1AB7551412218E82AFD90194194716602AC755141AEF82EB605911941B8128B50AC7551412257A59E10911941FF0B6CA3AC7551411A015BBC1B911941138A63EFAC755141839BD9A73491194130CF1461AD75514131A0EE7D4691194100B874B2AD755141CD1C1AAF5B911941186B5700AE75514199E6F9EEE19119419386EDF0B075514119059714F7911941303C929DAF755141BFC0C76D27921941D77AB9D4AA755141F7C6719536921941FE00CB54A9755141963EADEEA492194122197F91A475514174517EC7BD9219414640F37EA37551414E82FF052993194113D78AEC9E7551413DC61436AD931941AA7EE949997551416CD62966319419416F2848A793755141C88F577EA294194159E606D58E7551416690F0AFB5941941CCF30F078E75514107E3DD913A9519410D981F7588755141FCEF873869951941DDF98480867551418BFCF584BD951941AC3FBEB4827551414E302882CF95194168805EE581755141A8D87BCA419619418C3920147D75514163A17271C6961941FAF1A67C77755141F6C32938F4961941D22EAC8E7575514164B877473F9719413D4472CD727551413437000D9597194131FD9C1E6E755141A3023D3359981941E8AD066963755141');
 


-- ----------------------------
-- Records of inp_timser_id
-- ----------------------------
 
INSERT INTO "sample_epaswmm"."inp_timser_id" VALUES ('T5-5m', 'Rainfall', 'RELATIVE');
INSERT INTO "sample_epaswmm"."inp_timser_id" VALUES ('T10-5m', 'Rainfall', 'RELATIVE');
 


-- ----------------------------
-- Records of node
-- ----------------------------
 
INSERT INTO "sample_epaswmm"."node" VALUES ('10029', '61.03', '2.9100', 'JUNCTION', 'sector_01', '0101000020E76400001AEE10FCC49019412D65A015A7755141');
INSERT INTO "sample_epaswmm"."node" VALUES ('10030', '59.81', '2.2100', 'JUNCTION', 'sector_01', '0101000020E76400002E932BBC919019414CFF288595755141');
INSERT INTO "sample_epaswmm"."node" VALUES ('10031', '58.06', '2.2000', 'JUNCTION', 'sector_01', '0101000020E7640000F4D0A6B98D901941C00C798A8B755141');
INSERT INTO "sample_epaswmm"."node" VALUES ('10032', '56.84', '2.0000', 'JUNCTION', 'sector_01', '0101000020E7640000D649FCB28A901941BDE05F8D81755141');
INSERT INTO "sample_epaswmm"."node" VALUES ('10033', '55.18', '2.0700', 'JUNCTION', 'sector_01', '0101000020E76400008BC0C74486901941ABF3599077755141');
INSERT INTO "sample_epaswmm"."node" VALUES ('10034', '54.75', '2.2000', 'JUNCTION', 'sector_01', '0101000020E7640000D043E2AC82901941813341946D755141');
INSERT INTO "sample_epaswmm"."node" VALUES ('10035', '48.44', '1.5200', 'JUNCTION', 'sector_01', '0101000020E7640000BEE47224969219416B8182FB66755141');
INSERT INTO "sample_epaswmm"."node" VALUES ('10036', '46.80', '1.8200', 'JUNCTION', 'sector_01', '0101000020E7640000CEE1AE182B9319418278031D65755141');
INSERT INTO "sample_epaswmm"."node" VALUES ('10037', '41.48', '1.5000', 'JUNCTION', 'sector_01', '0101000020E76400005FDE64A4D39419413053C6C65F755141');
INSERT INTO "sample_epaswmm"."node" VALUES ('10038', '39.86', '2.0600', 'JUNCTION', 'sector_01', '0101000020E7640000584628F46E951941BBEEC2DA5D755141');
INSERT INTO "sample_epaswmm"."node" VALUES ('10039', '38.42', '1.8400', 'JUNCTION', 'sector_01', '0101000020E7640000B06B745906961941F2091DF35B755141');
INSERT INTO "sample_epaswmm"."node" VALUES ('10040', '35.67', '1.5600', 'JUNCTION', 'sector_01', '0101000020E764000045CA98F790961941CD539C4C5B755141');
INSERT INTO "sample_epaswmm"."node" VALUES ('10041', '34.95', '1.8100', 'JUNCTION', 'sector_01', '0101000020E76400007471767844971941A06275225C755141');
INSERT INTO "sample_epaswmm"."node" VALUES ('10042', '32.79', '1.8000', 'JUNCTION', 'sector_01', '0101000020E76400008419FBA5E3971941D2E3B0255D755141');
INSERT INTO "sample_epaswmm"."node" VALUES ('10043', '29.86', '1.8300', 'JUNCTION', 'sector_01', '0101000020E764000037C17FD3829819410765EC285E755141');
INSERT INTO "sample_epaswmm"."node" VALUES ('10044', '28.75', '2.0000', 'JUNCTION', 'sector_01', '0101000020E7640000CC6788EAF4981941FC86C91258755141');
INSERT INTO "sample_epaswmm"."node" VALUES ('10045', '27.07', '2.0100', 'JUNCTION', 'sector_01', '0101000020E7640000165EFA5266991941960752B851755141');
INSERT INTO "sample_epaswmm"."node" VALUES ('10046', '54.64', '1.6600', 'JUNCTION', 'sector_01', '0101000020E76400009D798EF27D90194192585E9563755141');
INSERT INTO "sample_epaswmm"."node" VALUES ('10047', '57.79', '2.0700', 'JUNCTION', 'sector_01', '0101000020E7640000D5AF3A3879901941977D7B9659755141');
INSERT INTO "sample_epaswmm"."node" VALUES ('10048', '58.71', '2.6000', 'JUNCTION', 'sector_01', '0101000020E764000078E6E67D7490194192A298974F755141');
INSERT INTO "sample_epaswmm"."node" VALUES ('10049', '57.76', '1.1100', 'JUNCTION', 'sector_01', '0101000020E7640000861D93C36F90194181C7B59845755141');
INSERT INTO "sample_epaswmm"."node" VALUES ('10050', '58.19', '2.5600', 'JUNCTION', 'sector_01', '0101000020E76400000F2658D2919019415B25C6533A755141');
INSERT INTO "sample_epaswmm"."node" VALUES ('10051', '52.90', '2.0800', 'JUNCTION', 'sector_01', '0101000020E764000025C330E733911941D016B89C6B755141');
INSERT INTO "sample_epaswmm"."node" VALUES ('10052', '50.29', '1.8000', 'JUNCTION', 'sector_01', '0101000020E764000050504A2EE491194124D50D4A69755141');
INSERT INTO "sample_epaswmm"."node" VALUES ('10053', '55.87', '2.0700', 'JUNCTION', 'sector_01', '0101000020E7640000CE5709692B91194169DA8DD889755141');
INSERT INTO "sample_epaswmm"."node" VALUES ('10054', '54.24', '1.5200', 'JUNCTION', 'sector_01', '0101000020E76400005CDE6B18C991194112A8A22688755141');
INSERT INTO "sample_epaswmm"."node" VALUES ('10055', '54.77', '1.8200', 'JUNCTION', 'sector_01', '0101000020E76400002AE71DC8299219418CC009A091755141');
INSERT INTO "sample_epaswmm"."node" VALUES ('10056', '55.30', '1.8700', 'JUNCTION', 'sector_01', '0101000020E7640000065520B38C92194179889D019B755141');
INSERT INTO "sample_epaswmm"."node" VALUES ('10057', '52.11', '1.8800', 'JUNCTION', 'sector_01', '0101000020E764000099993AA465921941B166921586755141');
INSERT INTO "sample_epaswmm"."node" VALUES ('10058', '50.68', '1.8600', 'JUNCTION', 'sector_01', '0101000020E764000090540930029319414B25820484755141');
INSERT INTO "sample_epaswmm"."node" VALUES ('10059', '49.80', '1.9000', 'JUNCTION', 'sector_01', '0101000020E76400006381899A859319413854A21182755141');
INSERT INTO "sample_epaswmm"."node" VALUES ('10060', '50.06', '1.9000', 'JUNCTION', 'sector_01', '0101000020E76400007919A899F1931941567005968C755141');
INSERT INTO "sample_epaswmm"."node" VALUES ('10061', '49.62', '2.1000', 'JUNCTION', 'sector_01', '0101000020E7640000E0ACD1C166931941C8EFA74178755141');
INSERT INTO "sample_epaswmm"."node" VALUES ('10062', '47.64', '1.8400', 'JUNCTION', 'sector_01', '0101000020E7640000B8D819E9479319414B8BAD716E755141');
INSERT INTO "sample_epaswmm"."node" VALUES ('10063', '45.00', '1.8500', 'JUNCTION', 'sector_01', '0101000020E7640000A38394EEB393194100306E4363755141');
INSERT INTO "sample_epaswmm"."node" VALUES ('10064', '43.74', '1.8000', 'JUNCTION', 'sector_01', '0101000020E7640000BB28AD233D9419417F808B8A61755141');
INSERT INTO "sample_epaswmm"."node" VALUES ('10065', '55.31', '2.2400', 'JUNCTION', 'sector_01', '0101000020E7640000B1A2388A1791194108A800D634755141');
INSERT INTO "sample_epaswmm"."node" VALUES ('10066', '53.22', '2.2300', 'JUNCTION', 'sector_01', '0101000020E76400004D1F19429D911941B02A3B582F755141');
INSERT INTO "sample_epaswmm"."node" VALUES ('10067', '53.39', '2.0200', 'JUNCTION', 'sector_01', '0101000020E7640000C3D5CB501B921941E32F3B424E755141');
INSERT INTO "sample_epaswmm"."node" VALUES ('10068', '51.27', '1.8200', 'JUNCTION', 'sector_01', '0101000020E7640000A1FCCC07C3921941D2A3C57147755141');
INSERT INTO "sample_epaswmm"."node" VALUES ('10069', '54.46', '2.2800', 'JUNCTION', 'sector_01', '0101000020E7640000DABD7A10759119411369E93355755141');
INSERT INTO "sample_epaswmm"."node" VALUES ('10070', '54.90', '2.2300', 'JUNCTION', 'sector_01', '0101000020E7640000805B22DECE901941758612285C755141');
INSERT INTO "sample_epaswmm"."node" VALUES ('10071', '49.95', '1.8300', 'JUNCTION', 'sector_01', '0101000020E76400001917A56D76921941AA794C2E5D755141');
INSERT INTO "sample_epaswmm"."node" VALUES ('10072', '51.48', '1.8100', 'JUNCTION', 'sector_01', '0101000020E7640000CDDD0AA64E92194104B43AEE50755141');
INSERT INTO "sample_epaswmm"."node" VALUES ('10073', '54.26', '1.6000', 'JUNCTION', 'sector_01', '0101000020E7640000D98CDD67589219417A6572DE3C755141');
INSERT INTO "sample_epaswmm"."node" VALUES ('10074', '53.99', '1.1000', 'JUNCTION', 'sector_01', '0101000020E764000040163111EA911941DB457D7132755141');
INSERT INTO "sample_epaswmm"."node" VALUES ('10075', '42.29', '1.8200', 'JUNCTION', 'sector_01', '0101000020E764000063095E4BC79319416D09C48918755141');
INSERT INTO "sample_epaswmm"."node" VALUES ('10076', '51.39', '2.3000', 'JUNCTION', 'sector_01', '0101000020E7640000F1D916A8269219417191C28529755141');
INSERT INTO "sample_epaswmm"."node" VALUES ('10077', '47.34', '2.0000', 'JUNCTION', 'sector_01', '0101000020E7640000642A3296AB921941F36614F723755141');
INSERT INTO "sample_epaswmm"."node" VALUES ('10078', '44.93', '1.8500', 'JUNCTION', 'sector_01', '0101000020E7640000B4AC662A30931941C225BB5F1E755141');
INSERT INTO "sample_epaswmm"."node" VALUES ('10079', '44.56', '1.7600', 'JUNCTION', 'sector_01', '0101000020E76400000124A630269419417B9FE79620755141');
INSERT INTO "sample_epaswmm"."node" VALUES ('10080', '44.54', '1.4500', 'JUNCTION', 'sector_01', '0101000020E76400009F04E87E9694194177C0C6EB2A755141');
INSERT INTO "sample_epaswmm"."node" VALUES ('10081', '44.39', '1.2000', 'JUNCTION', 'sector_01', '0101000020E76400006649C0F2D6941941C392F16935755141');
INSERT INTO "sample_epaswmm"."node" VALUES ('10082', '48.84', '2.0200', 'JUNCTION', 'sector_01', '0101000020E76400003825010FDE93194179688C643E755141');
INSERT INTO "sample_epaswmm"."node" VALUES ('10083', '43.92', '1.5500', 'JUNCTION', 'sector_01', '0101000020E764000087D86BBFB4941941B57CF2F655755141');
INSERT INTO "sample_epaswmm"."node" VALUES ('10084', '44.77', '1.6500', 'JUNCTION', 'sector_01', '0101000020E76400002AB266449394194175299E2F4C755141');
INSERT INTO "sample_epaswmm"."node" VALUES ('10085', '45.67', '1.6800', 'JUNCTION', 'sector_01', '0101000020E76400007D3495E772941941AA6F855F42755141');
INSERT INTO "sample_epaswmm"."node" VALUES ('10086', '46.25', '2.0500', 'JUNCTION', 'sector_01', '0101000020E7640000E3A706617A941941C4CD94513C755141');
INSERT INTO "sample_epaswmm"."node" VALUES ('10087', '43.77', '2.0700', 'JUNCTION', 'sector_01', '0101000020E7640000A4401199189519417A38A4D43A755141');
INSERT INTO "sample_epaswmm"."node" VALUES ('10088', '39.71', '2.1000', 'JUNCTION', 'sector_01', '0101000020E7640000B67F638828961941652BC20E3A755141');
INSERT INTO "sample_epaswmm"."node" VALUES ('10089', '41.41', '1.8100', 'JUNCTION', 'sector_01', '0101000020E76400005A5949ACA095194122249F713A755141');
INSERT INTO "sample_epaswmm"."node" VALUES ('10090', '40.68', '2.1800', 'JUNCTION', 'sector_01', '0101000020E764000026D301872A9419418CCE98B110755141');
INSERT INTO "sample_epaswmm"."node" VALUES ('10091', '39.93', '2.1000', 'JUNCTION', 'sector_01', '0101000020E764000042FBCD978994194119CB76A608755141');
INSERT INTO "sample_epaswmm"."node" VALUES ('10092', '39.37', '2.0800', 'JUNCTION', 'sector_01', '0101000020E7640000FD2B1C9AEB9419412F42F7BE00755141');
INSERT INTO "sample_epaswmm"."node" VALUES ('10093', '39.74', '1.7500', 'JUNCTION', 'sector_01', '0101000020E7640000D1CFD7071F96194196E0451330755141');
INSERT INTO "sample_epaswmm"."node" VALUES ('10094', '36.57', '1.8700', 'JUNCTION', 'sector_01', '0101000020E7640000E0E02027FB9519412DB24368FD745141');
INSERT INTO "sample_epaswmm"."node" VALUES ('10095', '34.83', '1.8600', 'JUNCTION', 'sector_01', '0101000020E76400004CDDD90E9B9619410731E68B02755141');
INSERT INTO "sample_epaswmm"."node" VALUES ('10096', '37.69', '1.5900', 'JUNCTION', 'sector_01', '0101000020E7640000817CBD1B019619412D77501706755141');
INSERT INTO "sample_epaswmm"."node" VALUES ('10097', '39.55', '1.6700', 'JUNCTION', 'sector_01', '0101000020E7640000FF84AA980A9619413169B79312755141');
INSERT INTO "sample_epaswmm"."node" VALUES ('10098', '39.66', '1.6000', 'JUNCTION', 'sector_01', '0101000020E76400009378D1C610961941435ACF911C755141');
INSERT INTO "sample_epaswmm"."node" VALUES ('10099', '39.70', '1.5000', 'JUNCTION', 'sector_01', '0101000020E7640000402D1E6C18961941BEB5E38E26755141');
INSERT INTO "sample_epaswmm"."node" VALUES ('10100', '33.59', '2.2600', 'JUNCTION', 'sector_01', '0101000020E7640000025C484C21971941D88EDEED07755141');
INSERT INTO "sample_epaswmm"."node" VALUES ('10101', '39.63', '2.0300', 'JUNCTION', 'sector_01', '0101000020E7640000C6C479F52D96194160394A0D44755141');
INSERT INTO "sample_epaswmm"."node" VALUES ('10102', '39.16', '1.8100', 'JUNCTION', 'sector_01', '0101000020E7640000A3AEA730359619416C9AAD0A4E755141');
INSERT INTO "sample_epaswmm"."node" VALUES ('10104', '37.19', '1.5100', 'JUNCTION', 'sector_01', '0101000020E764000042479688529619410B6720A363755141');
INSERT INTO "sample_epaswmm"."node" VALUES ('10105', '38.32', '1.6600', 'JUNCTION', 'sector_01', '0101000020E76400006E98F77873961941AA296FF76F755141');
INSERT INTO "sample_epaswmm"."node" VALUES ('10106', '28.71', '1.8200', 'JUNCTION', 'sector_01', '0101000020E76400001653C71EF998194178644E694A755141');
INSERT INTO "sample_epaswmm"."node" VALUES ('10107', '30.27', '1.6500', 'JUNCTION', 'sector_01', '0101000020E7640000A227FB4690981941ECB07CDB42755141');
INSERT INTO "sample_epaswmm"."node" VALUES ('10108', '32.35', '1.6000', 'JUNCTION', 'sector_01', '0101000020E7640000B84CE6821898194160A0F6393C755141');
INSERT INTO "sample_epaswmm"."node" VALUES ('10109', '34.54', '1.6300', 'JUNCTION', 'sector_01', '0101000020E764000022FC80BA9F9719414229FCAA35755141');
INSERT INTO "sample_epaswmm"."node" VALUES ('10110', '36.21', '1.5400', 'JUNCTION', 'sector_01', '0101000020E7640000FE8E8D5418971941E06E49412E755141');
INSERT INTO "sample_epaswmm"."node" VALUES ('10111', '59.45', '2.5500', 'JUNCTION', 'sector_01', '0101000020E76400005F98D3D2C391194122ABE480AA755141');
INSERT INTO "sample_epaswmm"."node" VALUES ('10112', '56.68', '2.2500', 'JUNCTION', 'sector_01', '0101000020E76400008A6808FF489219415FDDECF5A4755141');
INSERT INTO "sample_epaswmm"."node" VALUES ('10113', '55.45', '2.2100', 'JUNCTION', 'sector_01', '0101000020E7640000AE383D2BCE921941920FF56A9F755141');
INSERT INTO "sample_epaswmm"."node" VALUES ('10114', '53.02', '2.1100', 'JUNCTION', 'sector_01', '0101000020E7640000D008725753931941C241FDDF99755141');
INSERT INTO "sample_epaswmm"."node" VALUES ('10115', '50.47', '2.1400', 'JUNCTION', 'sector_01', '0101000020E7640000EED8A683D8931941EB73055594755141');
INSERT INTO "sample_epaswmm"."node" VALUES ('10116', '49.28', '2.1100', 'JUNCTION', 'sector_01', '0101000020E764000007A9DBAF5D9419410EA60DCA8E755141');
INSERT INTO "sample_epaswmm"."node" VALUES ('10117', '46.59', '2.0000', 'JUNCTION', 'sector_01', '0101000020E76400001A7910DCE29419412CD8153F89755141');
INSERT INTO "sample_epaswmm"."node" VALUES ('10118', '44.55', '2.0100', 'JUNCTION', 'sector_01', '0101000020E76400002B49450868951941450A1EB483755141');
INSERT INTO "sample_epaswmm"."node" VALUES ('10119', '42.17', '2.0200', 'JUNCTION', 'sector_01', '0101000020E764000037197A34ED951941563C26297E755141');
INSERT INTO "sample_epaswmm"."node" VALUES ('10120', '39.56', '1.8100', 'JUNCTION', 'sector_01', '0101000020E76400003FE9AE6072961941636E2E9E78755141');
INSERT INTO "sample_epaswmm"."node" VALUES ('10121', '36.86', '1.8000', 'JUNCTION', 'sector_01', '0101000020E764000043B9E38CF796194168A0361373755141');
INSERT INTO "sample_epaswmm"."node" VALUES ('10122', '33.04', '1.8200', 'JUNCTION', 'sector_01', '0101000020E7640000E95A24110198194193CD9C6865755141');
INSERT INTO "sample_epaswmm"."node" VALUES ('10123', '22.11', '3.0700', 'JUNCTION', 'sector_01', '0101000020E76400003CD0634A079B19418BA913D73E755141');
INSERT INTO "sample_epaswmm"."node" VALUES ('10124', '25.27', '2.8500', 'JUNCTION', 'sector_01', '0101000020E7640000AA892BE0EF991941966714444B755141');
INSERT INTO "sample_epaswmm"."node" VALUES ('10125', '23.88', '2.6400', 'JUNCTION', 'sector_01', '0101000020E76400004EBFFEB07E9A1941AE436F4645755141');
INSERT INTO "sample_epaswmm"."node" VALUES ('10126', '32.28', '2.1200', 'JUNCTION', 'sector_01', '0101000020E764000002CC17C597971941D2677BA60E755141');
INSERT INTO "sample_epaswmm"."node" VALUES ('10127', '30.97', '2.1500', 'JUNCTION', 'sector_01', '0101000020E7640000A43682351098194152CAC43B15755141');
INSERT INTO "sample_epaswmm"."node" VALUES ('10128', '29.70', '2.0000', 'JUNCTION', 'sector_01', '0101000020E7640000E08A6AFE879819412FACF3DC1B755141');
INSERT INTO "sample_epaswmm"."node" VALUES ('10129', '27.89', '2.0000', 'JUNCTION', 'sector_01', '0101000020E7640000A1743CBDFF981941FDBFD87E22755141');
INSERT INTO "sample_epaswmm"."node" VALUES ('10130', '25.98', '2.0200', 'JUNCTION', 'sector_01', '0101000020E76400001C8ACA3379991941C7B4360129755141');
INSERT INTO "sample_epaswmm"."node" VALUES ('10131', '25.21', '1.8500', 'JUNCTION', 'sector_01', '0101000020E764000056DA9EE0F09919416E6160A42F755141');
INSERT INTO "sample_epaswmm"."node" VALUES ('10132', '22.66', '1.8900', 'JUNCTION', 'sector_01', '0101000020E7640000E2C66CA6789A194131B9360737755141');
INSERT INTO "sample_epaswmm"."node" VALUES ('10233', '38.89', '2.0500', 'JUNCTION', 'sector_01', '0101000020E76400002BB41589799619416B13A2072D755141');
INSERT INTO "sample_epaswmm"."node" VALUES ('10234', '20.21', '3.5000', 'OUTFALL', 'sector_01', '0101000020E7640000A63FF814919B1941969BE3C139755141');
 


-- ----------------------------
-- Records of arc
-- ----------------------------
 
INSERT INTO "sample_epaswmm"."arc" VALUES ('20133', '', '', '0.1000', '0.1000', 'CC040', 'Concret', 'CONDUIT', 'sector_01', '0102000020E7640000020000005F98D3D2C391194122ABE480AA7551418A6808FF489219415FDDECF5A4755141');
INSERT INTO "sample_epaswmm"."arc" VALUES ('20134', '', '', '0.1000', '0.1000', 'CC040', 'Concret', 'CONDUIT', 'sector_01', '0102000020E7640000020000008A6808FF489219415FDDECF5A4755141AE383D2BCE921941920FF56A9F755141');
INSERT INTO "sample_epaswmm"."arc" VALUES ('20135', '', '', '0.1000', '0.1000', 'CC040', 'Concret', 'CONDUIT', 'sector_01', '0102000020E764000002000000AE383D2BCE921941920FF56A9F755141D008725753931941C241FDDF99755141');
INSERT INTO "sample_epaswmm"."arc" VALUES ('20136', '', '', '0.1000', '0.1000', 'CC040', 'Concret', 'CONDUIT', 'sector_01', '0102000020E764000002000000D008725753931941C241FDDF99755141EED8A683D8931941EB73055594755141');
INSERT INTO "sample_epaswmm"."arc" VALUES ('20137', '', '', '0.1000', '0.1000', 'CC040', 'Concret', 'CONDUIT', 'sector_01', '0102000020E764000002000000EED8A683D8931941EB7305559475514107A9DBAF5D9419410EA60DCA8E755141');
INSERT INTO "sample_epaswmm"."arc" VALUES ('20138', '', '', '0.1000', '0.1000', 'CC040', 'Concret', 'CONDUIT', 'sector_01', '0102000020E76400000200000007A9DBAF5D9419410EA60DCA8E7551411A7910DCE29419412CD8153F89755141');
INSERT INTO "sample_epaswmm"."arc" VALUES ('20139', '', '', '0.1000', '0.1000', 'CC040', 'Concret', 'CONDUIT', 'sector_01', '0102000020E7640000020000001A7910DCE29419412CD8153F897551412B49450868951941450A1EB483755141');
INSERT INTO "sample_epaswmm"."arc" VALUES ('20140', '', '', '0.1000', '0.1000', 'CC060', 'Concret', 'CONDUIT', 'sector_01', '0102000020E7640000020000002B49450868951941450A1EB48375514137197A34ED951941563C26297E755141');
INSERT INTO "sample_epaswmm"."arc" VALUES ('20141', '', '', '0.1000', '0.1000', 'CC060', 'Concret', 'CONDUIT', 'sector_01', '0102000020E76400000200000037197A34ED951941563C26297E7551413FE9AE6072961941636E2E9E78755141');
INSERT INTO "sample_epaswmm"."arc" VALUES ('20142', '', '', '0.1000', '0.1000', 'CC060', 'Concret', 'CONDUIT', 'sector_01', '0102000020E7640000020000003FE9AE6072961941636E2E9E7875514143B9E38CF796194168A0361373755141');
INSERT INTO "sample_epaswmm"."arc" VALUES ('20143', '', '', '0.1000', '0.1000', 'CC080', 'Concret', 'CONDUIT', 'sector_01', '0102000020E764000002000000E95A24110198194193CD9C686575514137C17FD3829819410765EC285E755141');
INSERT INTO "sample_epaswmm"."arc" VALUES ('20144', '', '', '0.1000', '0.1000', 'EG150', 'Concret', 'CONDUIT', 'sector_01', '0102000020E76400000200000037C17FD3829819410765EC285E755141CC6788EAF4981941FC86C91258755141');
INSERT INTO "sample_epaswmm"."arc" VALUES ('20145', '', '', '0.1000', '0.1000', 'EG150', 'Concret', 'CONDUIT', 'sector_01', '0102000020E764000002000000CC6788EAF4981941FC86C91258755141165EFA5266991941960752B851755141');
INSERT INTO "sample_epaswmm"."arc" VALUES ('20146', '', '', '0.1000', '0.1000', 'RC150', 'Concret', 'CONDUIT', 'sector_01', '0102000020E764000002000000165EFA5266991941960752B851755141AA892BE0EF991941966714444B755141');
INSERT INTO "sample_epaswmm"."arc" VALUES ('20147', '', '', '0.1000', '0.1000', 'RC150', 'Concret', 'CONDUIT', 'sector_01', '0102000020E764000002000000AA892BE0EF991941966714444B7551414EBFFEB07E9A1941AE436F4645755141');
INSERT INTO "sample_epaswmm"."arc" VALUES ('20148', '', '', '0.1000', '0.1000', 'RC150', 'Concret', 'CONDUIT', 'sector_01', '0102000020E7640000020000004EBFFEB07E9A1941AE436F46457551413CD0634A079B19418BA913D73E755141');
INSERT INTO "sample_epaswmm"."arc" VALUES ('20149', '', '', '0.1000', '0.1000', 'CC040', 'Concret', 'CONDUIT', 'sector_01', '0102000020E7640000020000002E932BBC919019414CFF288595755141F4D0A6B98D901941C00C798A8B755141');
INSERT INTO "sample_epaswmm"."arc" VALUES ('20150', '', '', '0.1000', '0.1000', 'CC040', 'Concret', 'CONDUIT', 'sector_01', '0102000020E764000002000000F4D0A6B98D901941C00C798A8B755141D649FCB28A901941BDE05F8D81755141');
INSERT INTO "sample_epaswmm"."arc" VALUES ('20151', '', '', '0.1000', '0.1000', 'CC060', 'Concret', 'CONDUIT', 'sector_01', '0102000020E764000002000000D649FCB28A901941BDE05F8D817551418BC0C74486901941ABF3599077755141');
INSERT INTO "sample_epaswmm"."arc" VALUES ('20152', '', '', '0.1000', '0.1000', 'CC060', 'Concret', 'CONDUIT', 'sector_01', '0102000020E7640000020000008BC0C74486901941ABF3599077755141D043E2AC82901941813341946D755141');
INSERT INTO "sample_epaswmm"."arc" VALUES ('20153', '', '', '0.1000', '0.1000', 'CC040', 'Concret', 'CONDUIT', 'sector_01', '0102000020E764000002000000D043E2AC82901941813341946D75514125C330E733911941D016B89C6B755141');
INSERT INTO "sample_epaswmm"."arc" VALUES ('20154', '', '', '0.1000', '0.1000', 'CC060', 'Concret', 'CONDUIT', 'sector_01', '0102000020E76400000200000025C330E733911941D016B89C6B75514150504A2EE491194124D50D4A69755141');
INSERT INTO "sample_epaswmm"."arc" VALUES ('20155', '', '', '0.1000', '0.1000', 'CC060', 'Concret', 'CONDUIT', 'sector_01', '0102000020E76400000200000050504A2EE491194124D50D4A69755141BEE47224969219416B8182FB66755141');
INSERT INTO "sample_epaswmm"."arc" VALUES ('20156', '', '', '0.1000', '0.1000', 'CC060', 'Concret', 'CONDUIT', 'sector_01', '0102000020E764000002000000BEE47224969219416B8182FB66755141CEE1AE182B9319418278031D65755141');
INSERT INTO "sample_epaswmm"."arc" VALUES ('20157', '', '', '0.1000', '0.1000', 'CC060', 'Concret', 'CONDUIT', 'sector_01', '0102000020E764000002000000CEE1AE182B9319418278031D65755141A38394EEB393194100306E4363755141');
INSERT INTO "sample_epaswmm"."arc" VALUES ('20158', '', '', '0.1000', '0.1000', 'CC080', 'Concret', 'CONDUIT', 'sector_01', '0102000020E764000002000000A38394EEB393194100306E4363755141BB28AD233D9419417F808B8A61755141');
INSERT INTO "sample_epaswmm"."arc" VALUES ('20159', '', '', '0.1000', '0.1000', 'CC080', 'Concret', 'CONDUIT', 'sector_01', '0102000020E764000002000000BB28AD233D9419417F808B8A617551415FDE64A4D39419413053C6C65F755141');
INSERT INTO "sample_epaswmm"."arc" VALUES ('20160', '', '', '0.1000', '0.1000', 'CC080', 'Concret', 'CONDUIT', 'sector_01', '0102000020E7640000020000005FDE64A4D39419413053C6C65F755141584628F46E951941BBEEC2DA5D755141');
INSERT INTO "sample_epaswmm"."arc" VALUES ('20161', '', '', '0.1000', '0.1000', 'CC080', 'Concret', 'CONDUIT', 'sector_01', '0102000020E764000002000000584628F46E951941BBEEC2DA5D755141B06B745906961941F2091DF35B755141');
INSERT INTO "sample_epaswmm"."arc" VALUES ('20162', '', '', '0.1000', '0.1000', 'CC080', 'Concret', 'CONDUIT', 'sector_01', '0102000020E764000002000000B06B745906961941F2091DF35B75514145CA98F790961941CD539C4C5B755141');
INSERT INTO "sample_epaswmm"."arc" VALUES ('20163', '', '', '0.1000', '0.1000', 'CC100', 'Concret', 'CONDUIT', 'sector_01', '0102000020E76400000200000045CA98F790961941CD539C4C5B7551417471767844971941A06275225C755141');
INSERT INTO "sample_epaswmm"."arc" VALUES ('20164', '', '', '0.1000', '0.1000', 'CC100', 'Concret', 'CONDUIT', 'sector_01', '0102000020E7640000020000007471767844971941A06275225C7551418419FBA5E3971941D2E3B0255D755141');
INSERT INTO "sample_epaswmm"."arc" VALUES ('20165', '', '', '0.1000', '0.1000', 'CC100', 'Concret', 'CONDUIT', 'sector_01', '0102000020E7640000020000008419FBA5E3971941D2E3B0255D75514137C17FD3829819410765EC285E755141');
INSERT INTO "sample_epaswmm"."arc" VALUES ('20166', '', '', '0.1000', '0.1000', 'CC040', 'Concret', 'CONDUIT', 'sector_01', '0102000020E764000002000000861D93C36F90194181C7B5984575514178E6E67D7490194192A298974F755141');
INSERT INTO "sample_epaswmm"."arc" VALUES ('20167', '', '', '0.1000', '0.1000', 'CC040', 'Concret', 'CONDUIT', 'sector_01', '0102000020E76400000200000078E6E67D7490194192A298974F755141D5AF3A3879901941977D7B9659755141');
INSERT INTO "sample_epaswmm"."arc" VALUES ('20168', '', '', '0.1000', '0.1000', 'CC060', 'Concret', 'CONDUIT', 'sector_01', '0102000020E764000002000000D5AF3A3879901941977D7B96597551419D798EF27D90194192585E9563755141');
INSERT INTO "sample_epaswmm"."arc" VALUES ('20169', '', '', '0.1000', '0.1000', 'CC060', 'Concret', 'CONDUIT', 'sector_01', '0102000020E7640000020000009D798EF27D90194192585E9563755141D043E2AC82901941813341946D755141');
INSERT INTO "sample_epaswmm"."arc" VALUES ('20170', '', '', '0.1000', '0.1000', 'CC040', 'Concret', 'CONDUIT', 'sector_01', '0102000020E7640000020000000F2658D2919019415B25C6533A755141B1A2388A1791194108A800D634755141');
INSERT INTO "sample_epaswmm"."arc" VALUES ('20171', '', '', '0.1000', '0.1000', 'CC040', 'Concret', 'CONDUIT', 'sector_01', '0102000020E764000002000000B1A2388A1791194108A800D6347551414D1F19429D911941B02A3B582F755141');
INSERT INTO "sample_epaswmm"."arc" VALUES ('20172', '', '', '0.1000', '0.1000', 'CC040', 'Concret', 'CONDUIT', 'sector_01', '0102000020E7640000020000004D1F19429D911941B02A3B582F755141F1D916A8269219417191C28529755141');
INSERT INTO "sample_epaswmm"."arc" VALUES ('20173', '', '', '0.1000', '0.1000', 'CC040', 'Concret', 'CONDUIT', 'sector_01', '0102000020E764000002000000F1D916A8269219417191C28529755141642A3296AB921941F36614F723755141');
INSERT INTO "sample_epaswmm"."arc" VALUES ('20174', '', '', '0.1000', '0.1000', 'CC040', 'Concret', 'CONDUIT', 'sector_01', '0102000020E764000002000000642A3296AB921941F36614F723755141B4AC662A30931941C225BB5F1E755141');
INSERT INTO "sample_epaswmm"."arc" VALUES ('20175', '', '', '0.1000', '0.1000', 'CC040', 'Concret', 'CONDUIT', 'sector_01', '0102000020E764000002000000B4AC662A30931941C225BB5F1E75514163095E4BC79319416D09C48918755141');
INSERT INTO "sample_epaswmm"."arc" VALUES ('20176', '', '', '0.1000', '0.1000', 'CC060', 'Concret', 'CONDUIT', 'sector_01', '0102000020E76400000200000063095E4BC79319416D09C4891875514126D301872A9419418CCE98B110755141');
INSERT INTO "sample_epaswmm"."arc" VALUES ('20177', '', '', '0.1000', '0.1000', 'CC060', 'Concret', 'CONDUIT', 'sector_01', '0102000020E76400000200000026D301872A9419418CCE98B11075514142FBCD978994194119CB76A608755141');
INSERT INTO "sample_epaswmm"."arc" VALUES ('20178', '', '', '0.1000', '0.1000', 'CC060', 'Concret', 'CONDUIT', 'sector_01', '0102000020E76400000200000042FBCD978994194119CB76A608755141FD2B1C9AEB9419412F42F7BE00755141');
INSERT INTO "sample_epaswmm"."arc" VALUES ('20179', '', '', '0.1000', '0.1000', 'CC060', 'Concret', 'CONDUIT', 'sector_01', '0102000020E764000002000000E0E02027FB9519412DB24368FD7451414CDDD90E9B9619410731E68B02755141');
INSERT INTO "sample_epaswmm"."arc" VALUES ('20180', '', '', '0.1000', '0.1000', 'CC080', 'Concret', 'CONDUIT', 'sector_01', '0102000020E7640000020000004CDDD90E9B9619410731E68B02755141025C484C21971941D88EDEED07755141');
INSERT INTO "sample_epaswmm"."arc" VALUES ('20181', '', '', '0.1000', '0.1000', 'CC080', 'Concret', 'CONDUIT', 'sector_01', '0102000020E764000002000000025C484C21971941D88EDEED0775514102CC17C597971941D2677BA60E755141');
INSERT INTO "sample_epaswmm"."arc" VALUES ('20182', '', '', '0.1000', '0.1000', 'CC080', 'Concret', 'CONDUIT', 'sector_01', '0102000020E76400000200000002CC17C597971941D2677BA60E755141A43682351098194152CAC43B15755141');
INSERT INTO "sample_epaswmm"."arc" VALUES ('20183', '', '', '0.1000', '0.1000', 'CC080', 'Concret', 'CONDUIT', 'sector_01', '0102000020E764000002000000A43682351098194152CAC43B15755141E08A6AFE879819412FACF3DC1B755141');
INSERT INTO "sample_epaswmm"."arc" VALUES ('20184', '', '', '0.1000', '0.1000', 'CC080', 'Concret', 'CONDUIT', 'sector_01', '0102000020E764000002000000E08A6AFE879819412FACF3DC1B755141A1743CBDFF981941FDBFD87E22755141');
INSERT INTO "sample_epaswmm"."arc" VALUES ('20185', '', '', '0.1000', '0.1000', 'CC080', 'Concret', 'CONDUIT', 'sector_01', '0102000020E764000002000000A1743CBDFF981941FDBFD87E227551411C8ACA3379991941C7B4360129755141');
INSERT INTO "sample_epaswmm"."arc" VALUES ('20186', '', '', '0.1000', '0.1000', 'CC100', 'Concret', 'CONDUIT', 'sector_01', '0102000020E7640000020000001C8ACA3379991941C7B436012975514156DA9EE0F09919416E6160A42F755141');
INSERT INTO "sample_epaswmm"."arc" VALUES ('20187', '', '', '0.1000', '0.1000', 'CC100', 'Concret', 'CONDUIT', 'sector_01', '0102000020E76400000200000056DA9EE0F09919416E6160A42F755141E2C66CA6789A194131B9360737755141');
INSERT INTO "sample_epaswmm"."arc" VALUES ('20188', '', '', '0.1000', '0.1000', 'CC100', 'Concret', 'CONDUIT', 'sector_01', '0102000020E764000002000000E2C66CA6789A194131B93607377551413CD0634A079B19418BA913D73E755141');
INSERT INTO "sample_epaswmm"."arc" VALUES ('20189', '', '', '0.1000', '0.1000', 'CC040', 'Concret', 'CONDUIT', 'sector_01', '0102000020E764000002000000402D1E6C18961941BEB5E38E267551419378D1C610961941435ACF911C755141');
INSERT INTO "sample_epaswmm"."arc" VALUES ('20190', '', '', '0.1000', '0.1000', 'CC040', 'PVC', 'CONDUIT', 'sector_01', '0102000020E764000002000000FF84AA980A9619413169B793127551419378D1C610961941435ACF911C755141');
INSERT INTO "sample_epaswmm"."arc" VALUES ('20191', '', '', '0.1000', '0.1000', 'CC040', 'Concret', 'CONDUIT', 'sector_01', '0102000020E764000002000000FF84AA980A9619413169B79312755141817CBD1B019619412D77501706755141');
INSERT INTO "sample_epaswmm"."arc" VALUES ('20192', '', '', '0.1000', '0.1000', 'CC040', 'Concret', 'CONDUIT', 'sector_01', '0102000020E764000002000000817CBD1B019619412D775017067551414CDDD90E9B9619410731E68B02755141');
INSERT INTO "sample_epaswmm"."arc" VALUES ('20193', '', '', '0.1000', '0.1000', 'CC040', 'Concret', 'CONDUIT', 'sector_01', '0102000020E764000002000000FE8E8D5418971941E06E49412E75514122FC80BA9F9719414229FCAA35755141');
INSERT INTO "sample_epaswmm"."arc" VALUES ('20194', '', '', '0.1000', '0.1000', 'CC040', 'Concret', 'CONDUIT', 'sector_01', '0102000020E76400000200000022FC80BA9F9719414229FCAA35755141B84CE6821898194160A0F6393C755141');
INSERT INTO "sample_epaswmm"."arc" VALUES ('20195', '', '', '0.1000', '0.1000', 'CC060', 'Concret', 'CONDUIT', 'sector_01', '0102000020E764000002000000B84CE6821898194160A0F6393C755141A227FB4690981941ECB07CDB42755141');
INSERT INTO "sample_epaswmm"."arc" VALUES ('20196', '', '', '0.1000', '0.1000', 'CC060', 'Concret', 'CONDUIT', 'sector_01', '0102000020E764000002000000A227FB4690981941ECB07CDB427551411653C71EF998194178644E694A755141');
INSERT INTO "sample_epaswmm"."arc" VALUES ('20197', '', '', '0.1000', '0.1000', 'CC060', 'Concret', 'CONDUIT', 'sector_01', '0102000020E7640000020000001653C71EF998194178644E694A755141165EFA5266991941960752B851755141');
INSERT INTO "sample_epaswmm"."arc" VALUES ('20198', '', '', '0.1000', '0.1000', 'CC040', 'Concret', 'CONDUIT', 'sector_01', '0102000020E764000002000000805B22DECE901941758612285C755141DABD7A10759119411369E93355755141');
INSERT INTO "sample_epaswmm"."arc" VALUES ('20199', '', '', '0.1000', '0.1000', 'CC040', 'Concret', 'CONDUIT', 'sector_01', '0102000020E764000002000000DABD7A10759119411369E93355755141C3D5CB501B921941E32F3B424E755141');
INSERT INTO "sample_epaswmm"."arc" VALUES ('20200', '', '', '0.1000', '0.1000', 'CC040', 'Concret', 'CONDUIT', 'sector_01', '0102000020E764000002000000C3D5CB501B921941E32F3B424E755141A1FCCC07C3921941D2A3C57147755141');
INSERT INTO "sample_epaswmm"."arc" VALUES ('20201', '', '', '0.1000', '0.1000', 'CC060', 'Concret', 'CONDUIT', 'sector_01', '0102000020E7640000020000003825010FDE93194179688C643E755141E3A706617A941941C4CD94513C755141');
INSERT INTO "sample_epaswmm"."arc" VALUES ('20202', '', '', '0.1000', '0.1000', 'CC060', 'Concret', 'CONDUIT', 'sector_01', '0102000020E764000002000000E3A706617A941941C4CD94513C755141A4401199189519417A38A4D43A755141');
INSERT INTO "sample_epaswmm"."arc" VALUES ('20203', '', '', '0.1000', '0.1000', 'CC060', 'Concret', 'CONDUIT', 'sector_01', '0102000020E764000002000000A4401199189519417A38A4D43A7551415A5949ACA095194122249F713A755141');
INSERT INTO "sample_epaswmm"."arc" VALUES ('20204', '', '', '0.1000', '0.1000', 'CC060', 'Concret', 'CONDUIT', 'sector_01', '0102000020E7640000020000005A5949ACA095194122249F713A755141B67F638828961941652BC20E3A755141');
INSERT INTO "sample_epaswmm"."arc" VALUES ('20205', '', '', '0.1000', '0.1000', 'CC080', 'PVC', 'CONDUIT', 'sector_01', '0102000020E764000002000000B67F638828961941652BC20E3A755141C6C479F52D96194160394A0D44755141');
INSERT INTO "sample_epaswmm"."arc" VALUES ('20206', '', '', '0.1000', '0.1000', 'CC080', 'Concret', 'CONDUIT', 'sector_01', '0102000020E764000002000000C6C479F52D96194160394A0D44755141A3AEA730359619416C9AAD0A4E755141');
INSERT INTO "sample_epaswmm"."arc" VALUES ('20207', '', '', '0.1000', '0.1000', 'CC080', 'Concret', 'CONDUIT', 'sector_01', '0102000020E764000006000000A3AEA730359619416C9AAD0A4E7551413C186B6C3A961941FEAFC73456755141A078CE243E9619412AE61B05577551414A283B544296194120D6088B577551414826F9C44996194125ACF5105875514145CA98F790961941CD539C4C5B755141');
INSERT INTO "sample_epaswmm"."arc" VALUES ('20209', '', '', '0.1000', '0.1000', 'CC040', 'Concret', 'CONDUIT', 'sector_01', '0102000020E7640000020000007D3495E772941941AA6F855F427551412AB266449394194175299E2F4C755141');
INSERT INTO "sample_epaswmm"."arc" VALUES ('20210', '', '', '0.1000', '0.1000', 'CC040', 'Concret', 'CONDUIT', 'sector_01', '0102000020E7640000020000002AB266449394194175299E2F4C75514187D86BBFB4941941B57CF2F655755141');
INSERT INTO "sample_epaswmm"."arc" VALUES ('20211', '', '', '0.1000', '0.1000', 'CC040', 'Concret', 'CONDUIT', 'sector_01', '0102000020E76400000200000087D86BBFB4941941B57CF2F6557551415FDE64A4D39419413053C6C65F755141');
INSERT INTO "sample_epaswmm"."arc" VALUES ('20212', '', '', '0.1000', '0.1000', 'CC040', 'Concret', 'CONDUIT', 'sector_01', '0102000020E764000002000000CDDD0AA64E92194104B43AEE507551411917A56D76921941AA794C2E5D755141');
INSERT INTO "sample_epaswmm"."arc" VALUES ('20213', '', '', '0.1000', '0.1000', 'CC040', 'Concret', 'CONDUIT', 'sector_01', '0102000020E7640000020000001917A56D76921941AA794C2E5D755141BEE47224969219416B8182FB66755141');
INSERT INTO "sample_epaswmm"."arc" VALUES ('20214', '', '', '0.1000', '0.1000', 'CC040', 'Concret', 'CONDUIT', 'sector_01', '0102000020E76400000200000040163111EA911941DB457D7132755141D98CDD67589219417A6572DE3C755141');
INSERT INTO "sample_epaswmm"."arc" VALUES ('20215', '', '', '0.1000', '0.1000', 'CC040', 'Concret', 'CONDUIT', 'sector_01', '0102000020E764000002000000D98CDD67589219417A6572DE3C755141A1FCCC07C3921941D2A3C57147755141');
INSERT INTO "sample_epaswmm"."arc" VALUES ('20216', '', '', '0.1000', '0.1000', 'CC040', 'PVC', 'CONDUIT', 'sector_01', '0102000020E7640000020000006649C0F2D6941941C392F169357551419F04E87E9694194177C0C6EB2A755141');
INSERT INTO "sample_epaswmm"."arc" VALUES ('20217', '', '', '0.1000', '0.1000', 'CC040', 'Concret', 'CONDUIT', 'sector_01', '0102000020E7640000020000009F04E87E9694194177C0C6EB2A7551410124A630269419417B9FE79620755141');
INSERT INTO "sample_epaswmm"."arc" VALUES ('20218', '', '', '0.1000', '0.1000', 'CC040', 'Concret', 'CONDUIT', 'sector_01', '0102000020E7640000020000000124A630269419417B9FE7962075514163095E4BC79319416D09C48918755141');
INSERT INTO "sample_epaswmm"."arc" VALUES ('20219', '', '', '0.1000', '0.1000', 'CC040', 'Concret', 'CONDUIT', 'sector_01', '0102000020E764000002000000D1CFD7071F96194196E0451330755141B67F638828961941652BC20E3A755141');
INSERT INTO "sample_epaswmm"."arc" VALUES ('20220', '', '', '0.1000', '0.1000', 'CC040', 'Concret', 'CONDUIT', 'sector_01', '0102000020E7640000020000006E98F77873961941AA296FF76F75514142479688529619410B6720A363755141');
INSERT INTO "sample_epaswmm"."arc" VALUES ('20221', '', '', '0.1000', '0.1000', 'CC040', 'Concret', 'CONDUIT', 'sector_01', '0102000020E76400000200000042479688529619410B6720A36375514145CA98F790961941CD539C4C5B755141');
INSERT INTO "sample_epaswmm"."arc" VALUES ('20222', '', '', '0.1000', '0.1000', 'CC040', 'Concret', 'CONDUIT', 'sector_01', '0102000020E764000002000000065520B38C92194179889D019B7551412AE71DC8299219418CC009A091755141');
INSERT INTO "sample_epaswmm"."arc" VALUES ('20223', '', '', '0.1000', '0.1000', 'CC040', 'PVC', 'CONDUIT', 'sector_01', '0102000020E7640000020000002AE71DC8299219418CC009A0917551415CDE6B18C991194112A8A22688755141');
INSERT INTO "sample_epaswmm"."arc" VALUES ('20224', '', '', '0.1000', '0.1000', 'CC040', 'Concret', 'CONDUIT', 'sector_01', '0102000020E764000002000000CE5709692B91194169DA8DD8897551415CDE6B18C991194112A8A22688755141');
INSERT INTO "sample_epaswmm"."arc" VALUES ('20225', '', '', '0.1000', '0.1000', 'CC060', 'Concret', 'CONDUIT', 'sector_01', '0102000020E7640000020000005CDE6B18C991194112A8A2268875514199993AA465921941B166921586755141');
INSERT INTO "sample_epaswmm"."arc" VALUES ('20226', '', '', '0.1000', '0.1000', 'CC060', 'Concret', 'CONDUIT', 'sector_01', '0102000020E76400000200000099993AA465921941B16692158675514190540930029319414B25820484755141');
INSERT INTO "sample_epaswmm"."arc" VALUES ('20227', '', '', '0.1000', '0.1000', 'CC060', 'Concret', 'CONDUIT', 'sector_01', '0102000020E76400000200000090540930029319414B258204847551416381899A859319413854A21182755141');
INSERT INTO "sample_epaswmm"."arc" VALUES ('20228', '', '', '0.1000', '0.1000', 'CC060', 'Concret', 'CONDUIT', 'sector_01', '0102000020E7640000020000006381899A859319413854A21182755141E0ACD1C166931941C8EFA74178755141');
INSERT INTO "sample_epaswmm"."arc" VALUES ('20229', '', '', '0.1000', '0.1000', 'CC060', 'Concret', 'CONDUIT', 'sector_01', '0102000020E764000002000000E0ACD1C166931941C8EFA74178755141B8D819E9479319414B8BAD716E755141');
INSERT INTO "sample_epaswmm"."arc" VALUES ('20230', '', '', '0.1000', '0.1000', 'CC060', 'Concret', 'CONDUIT', 'sector_01', '0102000020E764000002000000B8D819E9479319414B8BAD716E755141CEE1AE182B9319418278031D65755141');
INSERT INTO "sample_epaswmm"."arc" VALUES ('20231', '', '', '0.1000', '0.1000', 'CC040', 'Concret', 'CONDUIT', 'sector_01', '0102000020E7640000020000007919A899F1931941567005968C7551416381899A859319413854A21182755141');
INSERT INTO "sample_epaswmm"."arc" VALUES ('20232', '', '', '0.1000', '0.1000', 'CC040', 'Concret', 'CONDUIT', 'sector_01', '0102000020E7640000020000002BB41589799619416B13A2072D755141FE8E8D5418971941E06E49412E755141');
INSERT INTO "sample_epaswmm"."arc" VALUES ('20235', '', '', '0.1000', '0.1000', 'CC120', 'Concret', 'CONDUIT', 'sector_01', '0102000020E7640000020000003CD0634A079B19418BA913D73E755141A63FF814919B1941969BE3C139755141');
INSERT INTO "sample_epaswmm"."arc" VALUES ('20236', '', '', '0.1000', '0.1000', 'CC200', 'Concret', 'CONDUIT', 'sector_01', '0102000020E7640000060000001AEE10FCC49019412D65A015A7755141E768114BA390194136F03798A275514124C1FB889A901941A3847A93A0755141EE0AC3C6959019419DB20F649E755141829E583F939019415A9DEA2E9C7551412E932BBC919019414CFF288595755141');
INSERT INTO "sample_epaswmm"."arc" VALUES ('20237', '', '', '0.1000', '0.1000', 'CC080', 'Concret', 'CONDUIT', 'sector_01', '0102000020E76400000500000043B9E38CF796194168A03613737551419521F4667B971941E09CB0E16C7551417CA46FD0A6971941FDCF35B06A755141FAA038D6D2971941383ED42A68755141E95A24110198194193CD9C6865755141');
INSERT INTO "sample_epaswmm"."arc" VALUES ('20238', '', '', '0.1000', '0.1000', 'CC060', 'Concret', 'CONDUIT', 'sector_01', '0102000020E764000006000000A1FCCC07C3921941D2A3C57147755141F01C35122E93194100448BE442755141BE22C7D55093194150C9DF82417551418B99A3C6739319416695B44C407551418AE8B21397931941EA1061793F7551413825010FDE93194179688C643E755141');
INSERT INTO "sample_epaswmm"."arc" VALUES ('20239', '', '', '0.1000', '0.1000', 'CC060', 'Concret', 'CONDUIT', 'sector_01', '0102000020E764000007000000FD2B1C9AEB9419412F42F7BE00755141951BE52A239519417D40619FFC745141FD947A9B3E9519416A41C44BFB74514172746CB46095194120FEC398FA745141BF3F83C78D951941905EB1B0FA745141FC8E5CA5B4951941AACB9453FB745141E0E02027FB9519412DB24368FD745141');
 

-- ----------------------------
-- Records of inp_aquifer
-- ----------------------------
 
 

-- ----------------------------
-- Records of inp_backdrop
-- ----------------------------
 
 

-- ----------------------------
-- Records of inp_buildup_land_x_pol
-- ----------------------------
 
 

-- ----------------------------
-- Records of inp_conduit
-- ----------------------------
 
INSERT INTO "sample_epaswmm"."inp_conduit" VALUES ('20133', '1', null, '0.0000', '0.0000', '0.0000', 'NO', null, null);
INSERT INTO "sample_epaswmm"."inp_conduit" VALUES ('20134', '1', null, '0.0000', '0.0000', '0.0000', 'NO', null, null);
INSERT INTO "sample_epaswmm"."inp_conduit" VALUES ('20135', '1', null, '0.0000', '0.0000', '0.0000', 'NO', null, null);
INSERT INTO "sample_epaswmm"."inp_conduit" VALUES ('20136', '1', null, '0.0000', '0.0000', '0.0000', 'NO', null, null);
INSERT INTO "sample_epaswmm"."inp_conduit" VALUES ('20137', '1', null, '0.0000', '0.0000', '0.0000', 'NO', null, null);
INSERT INTO "sample_epaswmm"."inp_conduit" VALUES ('20138', '1', null, '0.0000', '0.0000', '0.0000', 'NO', null, null);
INSERT INTO "sample_epaswmm"."inp_conduit" VALUES ('20139', '1', null, '0.0000', '0.0000', '0.0000', 'NO', null, null);
INSERT INTO "sample_epaswmm"."inp_conduit" VALUES ('20140', '1', null, '0.0000', '0.0000', '0.0000', 'NO', null, null);
INSERT INTO "sample_epaswmm"."inp_conduit" VALUES ('20141', '1', null, '0.0000', '0.0000', '0.0000', 'NO', null, null);
INSERT INTO "sample_epaswmm"."inp_conduit" VALUES ('20142', '1', null, '0.0000', '0.0000', '0.0000', 'NO', null, null);
INSERT INTO "sample_epaswmm"."inp_conduit" VALUES ('20143', '1', null, '0.0000', '0.0000', '0.0000', 'NO', null, null);
INSERT INTO "sample_epaswmm"."inp_conduit" VALUES ('20144', '1', null, '0.0000', '0.0000', '0.0000', 'NO', null, null);
INSERT INTO "sample_epaswmm"."inp_conduit" VALUES ('20145', '1', null, '0.0000', '0.0000', '0.0000', 'NO', null, null);
INSERT INTO "sample_epaswmm"."inp_conduit" VALUES ('20146', '1', null, '0.0000', '0.0000', '0.0000', 'NO', null, null);
INSERT INTO "sample_epaswmm"."inp_conduit" VALUES ('20147', '1', null, '0.0000', '0.0000', '0.0000', 'NO', null, null);
INSERT INTO "sample_epaswmm"."inp_conduit" VALUES ('20148', '1', null, '0.0000', '0.0000', '0.0000', 'NO', null, null);
INSERT INTO "sample_epaswmm"."inp_conduit" VALUES ('20149', '1', null, '0.0000', '0.0000', '0.0000', 'NO', null, null);
INSERT INTO "sample_epaswmm"."inp_conduit" VALUES ('20150', '1', null, '0.0000', '0.0000', '0.0000', 'NO', null, null);
INSERT INTO "sample_epaswmm"."inp_conduit" VALUES ('20151', '1', null, '0.0000', '0.0000', '0.0000', 'NO', null, null);
INSERT INTO "sample_epaswmm"."inp_conduit" VALUES ('20152', '1', null, '0.0000', '0.0000', '0.0000', 'NO', null, null);
INSERT INTO "sample_epaswmm"."inp_conduit" VALUES ('20153', '1', null, '0.0000', '0.0000', '0.0000', 'NO', null, null);
INSERT INTO "sample_epaswmm"."inp_conduit" VALUES ('20154', '1', null, '0.0000', '0.0000', '0.0000', 'NO', null, null);
INSERT INTO "sample_epaswmm"."inp_conduit" VALUES ('20155', '1', null, '0.0000', '0.0000', '0.0000', 'NO', null, null);
INSERT INTO "sample_epaswmm"."inp_conduit" VALUES ('20156', '1', null, '0.0000', '0.0000', '0.0000', 'NO', null, null);
INSERT INTO "sample_epaswmm"."inp_conduit" VALUES ('20157', '1', null, '0.0000', '0.0000', '0.0000', 'NO', null, null);
INSERT INTO "sample_epaswmm"."inp_conduit" VALUES ('20158', '1', null, '0.0000', '0.0000', '0.0000', 'NO', null, null);
INSERT INTO "sample_epaswmm"."inp_conduit" VALUES ('20159', '1', null, '0.0000', '0.0000', '0.0000', 'NO', null, null);
INSERT INTO "sample_epaswmm"."inp_conduit" VALUES ('20160', '1', null, '0.0000', '0.0000', '0.0000', 'NO', null, null);
INSERT INTO "sample_epaswmm"."inp_conduit" VALUES ('20161', '1', null, '0.0000', '0.0000', '0.0000', 'NO', null, null);
INSERT INTO "sample_epaswmm"."inp_conduit" VALUES ('20162', '1', null, '0.0000', '0.0000', '0.0000', 'NO', null, null);
INSERT INTO "sample_epaswmm"."inp_conduit" VALUES ('20163', '1', null, '0.0000', '0.0000', '0.0000', 'NO', null, null);
INSERT INTO "sample_epaswmm"."inp_conduit" VALUES ('20164', '1', null, '0.0000', '0.0000', '0.0000', 'NO', null, null);
INSERT INTO "sample_epaswmm"."inp_conduit" VALUES ('20165', '1', null, '0.0000', '0.0000', '0.0000', 'NO', null, null);
INSERT INTO "sample_epaswmm"."inp_conduit" VALUES ('20166', '1', null, '0.0000', '0.0000', '0.0000', 'NO', null, null);
INSERT INTO "sample_epaswmm"."inp_conduit" VALUES ('20167', '1', null, '0.0000', '0.0000', '0.0000', 'NO', null, null);
INSERT INTO "sample_epaswmm"."inp_conduit" VALUES ('20168', '1', null, '0.0000', '0.0000', '0.0000', 'NO', null, null);
INSERT INTO "sample_epaswmm"."inp_conduit" VALUES ('20169', '1', null, '0.0000', '0.0000', '0.0000', 'NO', null, null);
INSERT INTO "sample_epaswmm"."inp_conduit" VALUES ('20170', '1', null, '0.0000', '0.0000', '0.0000', 'NO', null, null);
INSERT INTO "sample_epaswmm"."inp_conduit" VALUES ('20171', '1', null, '0.0000', '0.0000', '0.0000', 'NO', null, null);
INSERT INTO "sample_epaswmm"."inp_conduit" VALUES ('20172', '1', null, '0.0000', '0.0000', '0.0000', 'NO', null, null);
INSERT INTO "sample_epaswmm"."inp_conduit" VALUES ('20173', '1', null, '0.0000', '0.0000', '0.0000', 'NO', null, null);
INSERT INTO "sample_epaswmm"."inp_conduit" VALUES ('20174', '1', null, '0.0000', '0.0000', '0.0000', 'NO', null, null);
INSERT INTO "sample_epaswmm"."inp_conduit" VALUES ('20175', '1', null, '0.0000', '0.0000', '0.0000', 'NO', null, null);
INSERT INTO "sample_epaswmm"."inp_conduit" VALUES ('20176', '1', null, '0.0000', '0.0000', '0.0000', 'NO', null, null);
INSERT INTO "sample_epaswmm"."inp_conduit" VALUES ('20177', '1', null, '0.0000', '0.0000', '0.0000', 'NO', null, null);
INSERT INTO "sample_epaswmm"."inp_conduit" VALUES ('20178', '1', null, '0.0000', '0.0000', '0.0000', 'NO', null, null);
INSERT INTO "sample_epaswmm"."inp_conduit" VALUES ('20179', '1', null, '0.0000', '0.0000', '0.0000', 'NO', null, null);
INSERT INTO "sample_epaswmm"."inp_conduit" VALUES ('20180', '1', null, '0.0000', '0.0000', '0.0000', 'NO', null, null);
INSERT INTO "sample_epaswmm"."inp_conduit" VALUES ('20181', '1', null, '0.0000', '0.0000', '0.0000', 'NO', null, null);
INSERT INTO "sample_epaswmm"."inp_conduit" VALUES ('20182', '1', null, '0.0000', '0.0000', '0.0000', 'NO', null, null);
INSERT INTO "sample_epaswmm"."inp_conduit" VALUES ('20183', '1', null, '0.0000', '0.0000', '0.0000', 'NO', null, null);
INSERT INTO "sample_epaswmm"."inp_conduit" VALUES ('20184', '1', null, '0.0000', '0.0000', '0.0000', 'NO', null, null);
INSERT INTO "sample_epaswmm"."inp_conduit" VALUES ('20185', '1', null, '0.0000', '0.0000', '0.0000', 'NO', null, null);
INSERT INTO "sample_epaswmm"."inp_conduit" VALUES ('20186', '1', null, '0.0000', '0.0000', '0.0000', 'NO', null, null);
INSERT INTO "sample_epaswmm"."inp_conduit" VALUES ('20187', '1', null, '0.0000', '0.0000', '0.0000', 'NO', null, null);
INSERT INTO "sample_epaswmm"."inp_conduit" VALUES ('20188', '1', null, '0.0000', '0.0000', '0.0000', 'NO', null, null);
INSERT INTO "sample_epaswmm"."inp_conduit" VALUES ('20189', '1', null, '0.0000', '0.0000', '0.0000', 'NO', null, null);
INSERT INTO "sample_epaswmm"."inp_conduit" VALUES ('20190', '1', null, '0.0000', '0.0000', '0.0000', 'NO', null, null);
INSERT INTO "sample_epaswmm"."inp_conduit" VALUES ('20191', '1', null, '0.0000', '0.0000', '0.0000', 'NO', null, null);
INSERT INTO "sample_epaswmm"."inp_conduit" VALUES ('20192', '1', null, '0.0000', '0.0000', '0.0000', 'NO', null, null);
INSERT INTO "sample_epaswmm"."inp_conduit" VALUES ('20193', '1', null, '0.0000', '0.0000', '0.0000', 'NO', null, null);
INSERT INTO "sample_epaswmm"."inp_conduit" VALUES ('20194', '1', null, '0.0000', '0.0000', '0.0000', 'NO', null, null);
INSERT INTO "sample_epaswmm"."inp_conduit" VALUES ('20195', '1', null, '0.0000', '0.0000', '0.0000', 'NO', null, null);
INSERT INTO "sample_epaswmm"."inp_conduit" VALUES ('20196', '1', null, '0.0000', '0.0000', '0.0000', 'NO', null, null);
INSERT INTO "sample_epaswmm"."inp_conduit" VALUES ('20197', '1', null, '0.0000', '0.0000', '0.0000', 'NO', null, null);
INSERT INTO "sample_epaswmm"."inp_conduit" VALUES ('20198', '1', null, '0.0000', '0.0000', '0.0000', 'NO', null, null);
INSERT INTO "sample_epaswmm"."inp_conduit" VALUES ('20199', '1', null, '0.0000', '0.0000', '0.0000', 'NO', null, null);
INSERT INTO "sample_epaswmm"."inp_conduit" VALUES ('20200', '1', null, '0.0000', '0.0000', '0.0000', 'NO', null, null);
INSERT INTO "sample_epaswmm"."inp_conduit" VALUES ('20201', '1', null, '0.0000', '0.0000', '0.0000', 'NO', null, null);
INSERT INTO "sample_epaswmm"."inp_conduit" VALUES ('20202', '1', null, '0.0000', '0.0000', '0.0000', 'NO', null, null);
INSERT INTO "sample_epaswmm"."inp_conduit" VALUES ('20203', '1', null, '0.0000', '0.0000', '0.0000', 'NO', null, null);
INSERT INTO "sample_epaswmm"."inp_conduit" VALUES ('20204', '1', null, '0.0000', '0.0000', '0.0000', 'NO', null, null);
INSERT INTO "sample_epaswmm"."inp_conduit" VALUES ('20205', '1', null, '0.0000', '0.0000', '0.0000', 'NO', null, null);
INSERT INTO "sample_epaswmm"."inp_conduit" VALUES ('20206', '1', null, '0.0000', '0.0000', '0.0000', 'NO', null, null);
INSERT INTO "sample_epaswmm"."inp_conduit" VALUES ('20207', '1', null, '0.0000', '0.0000', '0.0000', 'NO', null, null);
INSERT INTO "sample_epaswmm"."inp_conduit" VALUES ('20209', '1', null, '0.0000', '0.0000', '0.0000', 'NO', null, null);
INSERT INTO "sample_epaswmm"."inp_conduit" VALUES ('20210', '1', null, '0.0000', '0.0000', '0.0000', 'NO', null, null);
INSERT INTO "sample_epaswmm"."inp_conduit" VALUES ('20211', '1', null, '0.0000', '0.0000', '0.0000', 'NO', null, null);
INSERT INTO "sample_epaswmm"."inp_conduit" VALUES ('20212', '1', null, '0.0000', '0.0000', '0.0000', 'NO', null, null);
INSERT INTO "sample_epaswmm"."inp_conduit" VALUES ('20213', '1', null, '0.0000', '0.0000', '0.0000', 'NO', null, null);
INSERT INTO "sample_epaswmm"."inp_conduit" VALUES ('20214', '1', null, '0.0000', '0.0000', '0.0000', 'NO', null, null);
INSERT INTO "sample_epaswmm"."inp_conduit" VALUES ('20215', '1', null, '0.0000', '0.0000', '0.0000', 'NO', null, null);
INSERT INTO "sample_epaswmm"."inp_conduit" VALUES ('20216', '1', null, '0.0000', '0.0000', '0.0000', 'NO', null, null);
INSERT INTO "sample_epaswmm"."inp_conduit" VALUES ('20217', '1', null, '0.0000', '0.0000', '0.0000', 'NO', null, null);
INSERT INTO "sample_epaswmm"."inp_conduit" VALUES ('20218', '1', null, '0.0000', '0.0000', '0.0000', 'NO', null, null);
INSERT INTO "sample_epaswmm"."inp_conduit" VALUES ('20219', '1', null, '0.0000', '0.0000', '0.0000', 'NO', null, null);
INSERT INTO "sample_epaswmm"."inp_conduit" VALUES ('20220', '1', null, '0.0000', '0.0000', '0.0000', 'NO', null, null);
INSERT INTO "sample_epaswmm"."inp_conduit" VALUES ('20221', '1', null, '0.0000', '0.0000', '0.0000', 'NO', null, null);
INSERT INTO "sample_epaswmm"."inp_conduit" VALUES ('20222', '1', null, '0.0000', '0.0000', '0.0000', 'NO', null, null);
INSERT INTO "sample_epaswmm"."inp_conduit" VALUES ('20223', '1', null, '0.0000', '0.0000', '0.0000', 'NO', null, null);
INSERT INTO "sample_epaswmm"."inp_conduit" VALUES ('20224', '1', null, '0.0000', '0.0000', '0.0000', 'NO', null, null);
INSERT INTO "sample_epaswmm"."inp_conduit" VALUES ('20225', '1', null, '0.0000', '0.0000', '0.0000', 'NO', null, null);
INSERT INTO "sample_epaswmm"."inp_conduit" VALUES ('20226', '1', null, '0.0000', '0.0000', '0.0000', 'NO', null, null);
INSERT INTO "sample_epaswmm"."inp_conduit" VALUES ('20227', '1', null, '0.0000', '0.0000', '0.0000', 'NO', null, null);
INSERT INTO "sample_epaswmm"."inp_conduit" VALUES ('20228', '1', null, '0.0000', '0.0000', '0.0000', 'NO', null, null);
INSERT INTO "sample_epaswmm"."inp_conduit" VALUES ('20229', '1', null, '0.0000', '0.0000', '0.0000', 'NO', null, null);
INSERT INTO "sample_epaswmm"."inp_conduit" VALUES ('20230', '1', null, '0.0000', '0.0000', '0.0000', 'NO', null, null);
INSERT INTO "sample_epaswmm"."inp_conduit" VALUES ('20231', '1', null, '0.0000', '0.0000', '0.0000', 'NO', null, null);
INSERT INTO "sample_epaswmm"."inp_conduit" VALUES ('20232', '1', null, '0.0000', '0.0000', '0.0000', 'NO', null, null);
INSERT INTO "sample_epaswmm"."inp_conduit" VALUES ('20235', '1', null, '0.0000', '0.0000', '0.0000', 'NO', null, null);
INSERT INTO "sample_epaswmm"."inp_conduit" VALUES ('20236', '1', null, '0.0000', '0.0000', '0.0000', 'NO', null, null);
INSERT INTO "sample_epaswmm"."inp_conduit" VALUES ('20237', '1', null, '0.0000', '0.0000', '0.0000', 'NO', null, null);
INSERT INTO "sample_epaswmm"."inp_conduit" VALUES ('20238', '1', null, '0.0000', '0.0000', '0.0000', 'NO', null, null);
INSERT INTO "sample_epaswmm"."inp_conduit" VALUES ('20239', '1', null, '0.0000', '0.0000', '0.0000', 'NO', null, null);
 

-- ----------------------------
-- Records of inp_controls
-- ----------------------------
 
 

-- ----------------------------
-- Records of inp_coverage_land_x_subc
-- ----------------------------
 
 

-- ----------------------------
-- Records of inp_curve
-- ----------------------------
 
 

-- ----------------------------
-- Records of inp_curve_id
-- ----------------------------
 
 

-- ----------------------------
-- Records of inp_divider
-- ----------------------------
 
 

-- ----------------------------
-- Records of inp_dwf
-- ----------------------------
 
INSERT INTO "sample_epaswmm"."inp_dwf" VALUES ('30029', '10029', '0.00035', 'pattern_01', 'pattern_02', 'pattern_03', 'pattern_04');
INSERT INTO "sample_epaswmm"."inp_dwf" VALUES ('30030', '10030', '0.00038', 'pattern_01', 'pattern_02', 'pattern_03', 'pattern_04');
INSERT INTO "sample_epaswmm"."inp_dwf" VALUES ('30031', '10031', '0.00015', 'pattern_01', 'pattern_02', 'pattern_03', 'pattern_04');
INSERT INTO "sample_epaswmm"."inp_dwf" VALUES ('30032', '10032', '0.00023', 'pattern_01', 'pattern_02', 'pattern_03', 'pattern_04');
INSERT INTO "sample_epaswmm"."inp_dwf" VALUES ('30033', '10033', '0.00028', 'pattern_01', 'pattern_02', 'pattern_03', 'pattern_04');
INSERT INTO "sample_epaswmm"."inp_dwf" VALUES ('30034', '10034', '0.00017', 'pattern_01', 'pattern_02', 'pattern_03', 'pattern_04');
INSERT INTO "sample_epaswmm"."inp_dwf" VALUES ('30035', '10035', '0.00031', 'pattern_01', 'pattern_02', 'pattern_03', 'pattern_04');
INSERT INTO "sample_epaswmm"."inp_dwf" VALUES ('30036', '10036', '0.00026', 'pattern_01', 'pattern_02', 'pattern_03', 'pattern_04');
INSERT INTO "sample_epaswmm"."inp_dwf" VALUES ('30037', '10037', '0.00046', 'pattern_01', 'pattern_02', 'pattern_03', 'pattern_04');
INSERT INTO "sample_epaswmm"."inp_dwf" VALUES ('30038', '10038', '0.00044', 'pattern_01', 'pattern_02', 'pattern_03', 'pattern_04');
INSERT INTO "sample_epaswmm"."inp_dwf" VALUES ('30039', '10039', '0.00024', 'pattern_01', 'pattern_02', 'pattern_03', 'pattern_04');
INSERT INTO "sample_epaswmm"."inp_dwf" VALUES ('30040', '10040', '0.00028', 'pattern_01', 'pattern_02', 'pattern_03', 'pattern_04');
INSERT INTO "sample_epaswmm"."inp_dwf" VALUES ('30041', '10041', '0.00057', 'pattern_01', 'pattern_02', 'pattern_03', 'pattern_04');
INSERT INTO "sample_epaswmm"."inp_dwf" VALUES ('30042', '10042', '0.00039', 'pattern_01', 'pattern_02', 'pattern_03', 'pattern_04');
INSERT INTO "sample_epaswmm"."inp_dwf" VALUES ('30043', '10043', '0.00018', 'pattern_01', 'pattern_02', 'pattern_03', 'pattern_04');
INSERT INTO "sample_epaswmm"."inp_dwf" VALUES ('30044', '10044', '0.00021', 'pattern_01', 'pattern_02', 'pattern_03', 'pattern_04');
INSERT INTO "sample_epaswmm"."inp_dwf" VALUES ('30045', '10045', '0.00015', 'pattern_01', 'pattern_02', 'pattern_03', 'pattern_04');
INSERT INTO "sample_epaswmm"."inp_dwf" VALUES ('30046', '10046', '0.00016', 'pattern_01', 'pattern_02', 'pattern_03', 'pattern_04');
INSERT INTO "sample_epaswmm"."inp_dwf" VALUES ('30047', '10047', '0.00012', 'pattern_01', 'pattern_02', 'pattern_03', 'pattern_04');
INSERT INTO "sample_epaswmm"."inp_dwf" VALUES ('30048', '10048', '0.00023', 'pattern_01', 'pattern_02', 'pattern_03', 'pattern_04');
INSERT INTO "sample_epaswmm"."inp_dwf" VALUES ('30049', '10049', '0.00032', 'pattern_01', 'pattern_02', 'pattern_03', 'pattern_04');
INSERT INTO "sample_epaswmm"."inp_dwf" VALUES ('30050', '10050', '0.00022', 'pattern_01', 'pattern_02', 'pattern_03', 'pattern_04');
INSERT INTO "sample_epaswmm"."inp_dwf" VALUES ('30051', '10051', '0.00046', 'pattern_01', 'pattern_02', 'pattern_03', 'pattern_04');
INSERT INTO "sample_epaswmm"."inp_dwf" VALUES ('30052', '10052', '0.00056', 'pattern_01', 'pattern_02', 'pattern_03', 'pattern_04');
INSERT INTO "sample_epaswmm"."inp_dwf" VALUES ('30053', '10053', '0.00038', 'pattern_01', 'pattern_02', 'pattern_03', 'pattern_04');
INSERT INTO "sample_epaswmm"."inp_dwf" VALUES ('30054', '10054', '0.00042', 'pattern_01', 'pattern_02', 'pattern_03', 'pattern_04');
INSERT INTO "sample_epaswmm"."inp_dwf" VALUES ('30055', '10055', '0.00047', 'pattern_01', 'pattern_02', 'pattern_03', 'pattern_04');
INSERT INTO "sample_epaswmm"."inp_dwf" VALUES ('30056', '10056', '0.00026', 'pattern_01', 'pattern_02', 'pattern_03', 'pattern_04');
INSERT INTO "sample_epaswmm"."inp_dwf" VALUES ('30057', '10057', '0.00044', 'pattern_01', 'pattern_02', 'pattern_03', 'pattern_04');
INSERT INTO "sample_epaswmm"."inp_dwf" VALUES ('30058', '10058', '0.00037', 'pattern_01', 'pattern_02', 'pattern_03', 'pattern_04');
INSERT INTO "sample_epaswmm"."inp_dwf" VALUES ('30059', '10059', '0.00036', 'pattern_01', 'pattern_02', 'pattern_03', 'pattern_04');
INSERT INTO "sample_epaswmm"."inp_dwf" VALUES ('30060', '10060', '0.00027', 'pattern_01', 'pattern_02', 'pattern_03', 'pattern_04');
INSERT INTO "sample_epaswmm"."inp_dwf" VALUES ('30061', '10061', '0.00057', 'pattern_01', 'pattern_02', 'pattern_03', 'pattern_04');
INSERT INTO "sample_epaswmm"."inp_dwf" VALUES ('30062', '10062', '0.00038', 'pattern_01', 'pattern_02', 'pattern_03', 'pattern_04');
INSERT INTO "sample_epaswmm"."inp_dwf" VALUES ('30063', '10063', '0.00044', 'pattern_01', 'pattern_02', 'pattern_03', 'pattern_04');
INSERT INTO "sample_epaswmm"."inp_dwf" VALUES ('30064', '10064', '0.00050', 'pattern_01', 'pattern_02', 'pattern_03', 'pattern_04');
INSERT INTO "sample_epaswmm"."inp_dwf" VALUES ('30065', '10065', '0.00030', 'pattern_01', 'pattern_02', 'pattern_03', 'pattern_04');
INSERT INTO "sample_epaswmm"."inp_dwf" VALUES ('30066', '10066', '0.00012', 'pattern_01', 'pattern_02', 'pattern_03', 'pattern_04');
INSERT INTO "sample_epaswmm"."inp_dwf" VALUES ('30067', '10067', '0.00036', 'pattern_01', 'pattern_02', 'pattern_03', 'pattern_04');
INSERT INTO "sample_epaswmm"."inp_dwf" VALUES ('30068', '10068', '0.00061', 'pattern_01', 'pattern_02', 'pattern_03', 'pattern_04');
INSERT INTO "sample_epaswmm"."inp_dwf" VALUES ('30069', '10069', '0.00049', 'pattern_01', 'pattern_02', 'pattern_03', 'pattern_04');
INSERT INTO "sample_epaswmm"."inp_dwf" VALUES ('30070', '10070', '0.00026', 'pattern_01', 'pattern_02', 'pattern_03', 'pattern_04');
INSERT INTO "sample_epaswmm"."inp_dwf" VALUES ('30071', '10071', '0.00043', 'pattern_01', 'pattern_02', 'pattern_03', 'pattern_04');
INSERT INTO "sample_epaswmm"."inp_dwf" VALUES ('30072', '10072', '0.00027', 'pattern_01', 'pattern_02', 'pattern_03', 'pattern_04');
INSERT INTO "sample_epaswmm"."inp_dwf" VALUES ('30073', '10073', '0.00063', 'pattern_01', 'pattern_02', 'pattern_03', 'pattern_04');
INSERT INTO "sample_epaswmm"."inp_dwf" VALUES ('30074', '10074', '0.00027', 'pattern_01', 'pattern_02', 'pattern_03', 'pattern_04');
INSERT INTO "sample_epaswmm"."inp_dwf" VALUES ('30075', '10075', '0.00020', 'pattern_01', 'pattern_02', 'pattern_03', 'pattern_04');
INSERT INTO "sample_epaswmm"."inp_dwf" VALUES ('30076', '10076', '0.00026', 'pattern_01', 'pattern_02', 'pattern_03', 'pattern_04');
INSERT INTO "sample_epaswmm"."inp_dwf" VALUES ('30077', '10077', '0.00040', 'pattern_01', 'pattern_02', 'pattern_03', 'pattern_04');
INSERT INTO "sample_epaswmm"."inp_dwf" VALUES ('30078', '10078', '0.00032', 'pattern_01', 'pattern_02', 'pattern_03', 'pattern_04');
INSERT INTO "sample_epaswmm"."inp_dwf" VALUES ('30079', '10079', '0.00055', 'pattern_01', 'pattern_02', 'pattern_03', 'pattern_04');
INSERT INTO "sample_epaswmm"."inp_dwf" VALUES ('30080', '10080', '0.00063', 'pattern_01', 'pattern_02', 'pattern_03', 'pattern_04');
INSERT INTO "sample_epaswmm"."inp_dwf" VALUES ('30081', '10081', '0.00027', 'pattern_01', 'pattern_02', 'pattern_03', 'pattern_04');
INSERT INTO "sample_epaswmm"."inp_dwf" VALUES ('30082', '10082', '0.00072', 'pattern_01', 'pattern_02', 'pattern_03', 'pattern_04');
INSERT INTO "sample_epaswmm"."inp_dwf" VALUES ('30083', '10083', '0.00040', 'pattern_01', 'pattern_02', 'pattern_03', 'pattern_04');
INSERT INTO "sample_epaswmm"."inp_dwf" VALUES ('30084', '10084', '0.00056', 'pattern_01', 'pattern_02', 'pattern_03', 'pattern_04');
INSERT INTO "sample_epaswmm"."inp_dwf" VALUES ('30085', '10085', '0.00023', 'pattern_01', 'pattern_02', 'pattern_03', 'pattern_04');
INSERT INTO "sample_epaswmm"."inp_dwf" VALUES ('30086', '10086', '0.00020', 'pattern_01', 'pattern_02', 'pattern_03', 'pattern_04');
INSERT INTO "sample_epaswmm"."inp_dwf" VALUES ('30087', '10087', '0.00025', 'pattern_01', 'pattern_02', 'pattern_03', 'pattern_04');
INSERT INTO "sample_epaswmm"."inp_dwf" VALUES ('30088', '10088', '0.00031', 'pattern_01', 'pattern_02', 'pattern_03', 'pattern_04');
INSERT INTO "sample_epaswmm"."inp_dwf" VALUES ('30089', '10089', '0.00029', 'pattern_01', 'pattern_02', 'pattern_03', 'pattern_04');
INSERT INTO "sample_epaswmm"."inp_dwf" VALUES ('30090', '10090', '0.00033', 'pattern_01', 'pattern_02', 'pattern_03', 'pattern_04');
INSERT INTO "sample_epaswmm"."inp_dwf" VALUES ('30091', '10091', '0.00034', 'pattern_01', 'pattern_02', 'pattern_03', 'pattern_04');
INSERT INTO "sample_epaswmm"."inp_dwf" VALUES ('30092', '10092', '0.00037', 'pattern_01', 'pattern_02', 'pattern_03', 'pattern_04');
INSERT INTO "sample_epaswmm"."inp_dwf" VALUES ('30093', '10093', '0.00025', 'pattern_01', 'pattern_02', 'pattern_03', 'pattern_04');
INSERT INTO "sample_epaswmm"."inp_dwf" VALUES ('30094', '10094', '0.00052', 'pattern_01', 'pattern_02', 'pattern_03', 'pattern_04');
INSERT INTO "sample_epaswmm"."inp_dwf" VALUES ('30095', '10095', '0.00026', 'pattern_01', 'pattern_02', 'pattern_03', 'pattern_04');
INSERT INTO "sample_epaswmm"."inp_dwf" VALUES ('30096', '10096', '0.00034', 'pattern_01', 'pattern_02', 'pattern_03', 'pattern_04');
INSERT INTO "sample_epaswmm"."inp_dwf" VALUES ('30097', '10097', '0.00057', 'pattern_01', 'pattern_02', 'pattern_03', 'pattern_04');
INSERT INTO "sample_epaswmm"."inp_dwf" VALUES ('30098', '10098', '0.00061', 'pattern_01', 'pattern_02', 'pattern_03', 'pattern_04');
INSERT INTO "sample_epaswmm"."inp_dwf" VALUES ('30099', '10099', '0.00038', 'pattern_01', 'pattern_02', 'pattern_03', 'pattern_04');
INSERT INTO "sample_epaswmm"."inp_dwf" VALUES ('30100', '10100', '0.00029', 'pattern_01', 'pattern_02', 'pattern_03', 'pattern_04');
INSERT INTO "sample_epaswmm"."inp_dwf" VALUES ('30101', '10101', '0.00051', 'pattern_01', 'pattern_02', 'pattern_03', 'pattern_04');
INSERT INTO "sample_epaswmm"."inp_dwf" VALUES ('30102', '10102', '0.00059', 'pattern_01', 'pattern_02', 'pattern_03', 'pattern_04');
INSERT INTO "sample_epaswmm"."inp_dwf" VALUES ('30104', '10104', '0.00036', 'pattern_01', 'pattern_02', 'pattern_03', 'pattern_04');
INSERT INTO "sample_epaswmm"."inp_dwf" VALUES ('30105', '10105', '0.00039', 'pattern_01', 'pattern_02', 'pattern_03', 'pattern_04');
INSERT INTO "sample_epaswmm"."inp_dwf" VALUES ('30106', '10106', '0.00042', 'pattern_01', 'pattern_02', 'pattern_03', 'pattern_04');
INSERT INTO "sample_epaswmm"."inp_dwf" VALUES ('30107', '10107', '0.00061', 'pattern_01', 'pattern_02', 'pattern_03', 'pattern_04');
INSERT INTO "sample_epaswmm"."inp_dwf" VALUES ('30108', '10108', '0.00065', 'pattern_01', 'pattern_02', 'pattern_03', 'pattern_04');
INSERT INTO "sample_epaswmm"."inp_dwf" VALUES ('30109', '10109', '0.00061', 'pattern_01', 'pattern_02', 'pattern_03', 'pattern_04');
INSERT INTO "sample_epaswmm"."inp_dwf" VALUES ('30110', '10110', '0.00061', 'pattern_01', 'pattern_02', 'pattern_03', 'pattern_04');
INSERT INTO "sample_epaswmm"."inp_dwf" VALUES ('30111', '10111', '0.00037', 'pattern_01', 'pattern_02', 'pattern_03', 'pattern_04');
INSERT INTO "sample_epaswmm"."inp_dwf" VALUES ('30112', '10112', '0.00025', 'pattern_01', 'pattern_02', 'pattern_03', 'pattern_04');
INSERT INTO "sample_epaswmm"."inp_dwf" VALUES ('30113', '10113', '0.00012', 'pattern_01', 'pattern_02', 'pattern_03', 'pattern_04');
INSERT INTO "sample_epaswmm"."inp_dwf" VALUES ('30114', '10114', '0.00025', 'pattern_01', 'pattern_02', 'pattern_03', 'pattern_04');
INSERT INTO "sample_epaswmm"."inp_dwf" VALUES ('30115', '10115', '0.00017', 'pattern_01', 'pattern_02', 'pattern_03', 'pattern_04');
INSERT INTO "sample_epaswmm"."inp_dwf" VALUES ('30116', '10116', '0.00014', 'pattern_01', 'pattern_02', 'pattern_03', 'pattern_04');
INSERT INTO "sample_epaswmm"."inp_dwf" VALUES ('30117', '10117', '0.00034', 'pattern_01', 'pattern_02', 'pattern_03', 'pattern_04');
INSERT INTO "sample_epaswmm"."inp_dwf" VALUES ('30118', '10118', '0.00043', 'pattern_01', 'pattern_02', 'pattern_03', 'pattern_04');
INSERT INTO "sample_epaswmm"."inp_dwf" VALUES ('30119', '10119', '0.00036', 'pattern_01', 'pattern_02', 'pattern_03', 'pattern_04');
INSERT INTO "sample_epaswmm"."inp_dwf" VALUES ('30120', '10120', '0.00015', 'pattern_01', 'pattern_02', 'pattern_03', 'pattern_04');
INSERT INTO "sample_epaswmm"."inp_dwf" VALUES ('30121', '10121', '0.00027', 'pattern_01', 'pattern_02', 'pattern_03', 'pattern_04');
INSERT INTO "sample_epaswmm"."inp_dwf" VALUES ('30122', '10122', '0.00024', 'pattern_01', 'pattern_02', 'pattern_03', 'pattern_04');
INSERT INTO "sample_epaswmm"."inp_dwf" VALUES ('30123', '10123', '0.00017', 'pattern_01', 'pattern_02', 'pattern_03', 'pattern_04');
INSERT INTO "sample_epaswmm"."inp_dwf" VALUES ('30124', '10124', '0.00030', 'pattern_01', 'pattern_02', 'pattern_03', 'pattern_04');
INSERT INTO "sample_epaswmm"."inp_dwf" VALUES ('30125', '10125', '0.00023', 'pattern_01', 'pattern_02', 'pattern_03', 'pattern_04');
INSERT INTO "sample_epaswmm"."inp_dwf" VALUES ('30126', '10126', '0.00039', 'pattern_01', 'pattern_02', 'pattern_03', 'pattern_04');
INSERT INTO "sample_epaswmm"."inp_dwf" VALUES ('30127', '10127', '0.00039', 'pattern_01', 'pattern_02', 'pattern_03', 'pattern_04');
INSERT INTO "sample_epaswmm"."inp_dwf" VALUES ('30128', '10128', '0.00039', 'pattern_01', 'pattern_02', 'pattern_03', 'pattern_04');
INSERT INTO "sample_epaswmm"."inp_dwf" VALUES ('30129', '10129', '0.00039', 'pattern_01', 'pattern_02', 'pattern_03', 'pattern_04');
INSERT INTO "sample_epaswmm"."inp_dwf" VALUES ('30130', '10130', '0.00038', 'pattern_01', 'pattern_02', 'pattern_03', 'pattern_04');
INSERT INTO "sample_epaswmm"."inp_dwf" VALUES ('30131', '10131', '0.00041', 'pattern_01', 'pattern_02', 'pattern_03', 'pattern_04');
INSERT INTO "sample_epaswmm"."inp_dwf" VALUES ('30132', '10132', '0.00032', 'pattern_01', 'pattern_02', 'pattern_03', 'pattern_04');
INSERT INTO "sample_epaswmm"."inp_dwf" VALUES ('30233', '10233', '0.00024', 'pattern_01', 'pattern_02', 'pattern_03', 'pattern_04');
INSERT INTO "sample_epaswmm"."inp_dwf" VALUES ('30234', '10234', '0.00011', 'pattern_01', 'pattern_02', 'pattern_03', 'pattern_04');
 

-- ----------------------------
-- Records of inp_dwf_pol_x_node
-- ----------------------------
 
 

-- ----------------------------
-- Records of inp_evaporation
-- ----------------------------
 
INSERT INTO "sample_epaswmm"."inp_evaporation" VALUES ('CONSTANT', '0.0000', null, null, null, null, null, null, null, null, null, null, null, null, null, null, null, null, null, null, null, null, null, null, null, null, null, null, 'NO');
 

-- ----------------------------
-- Records of inp_files
-- ----------------------------
 
 

-- ----------------------------
-- Records of inp_groundwater
-- ----------------------------
 
 

-- ----------------------------
-- Records of inp_hydrograph
-- ----------------------------
 
 

-- ----------------------------
-- Records of inp_inflows
-- ----------------------------
 
 

-- ----------------------------
-- Records of inp_inflows_pol_x_node
-- ----------------------------
 
 

-- ----------------------------
-- Records of inp_junction
-- ----------------------------
 
INSERT INTO "sample_epaswmm"."inp_junction" VALUES ('10029', null, null, null);
INSERT INTO "sample_epaswmm"."inp_junction" VALUES ('10030', null, null, null);
INSERT INTO "sample_epaswmm"."inp_junction" VALUES ('10031', null, null, null);
INSERT INTO "sample_epaswmm"."inp_junction" VALUES ('10032', null, null, null);
INSERT INTO "sample_epaswmm"."inp_junction" VALUES ('10033', null, null, null);
INSERT INTO "sample_epaswmm"."inp_junction" VALUES ('10034', null, null, null);
INSERT INTO "sample_epaswmm"."inp_junction" VALUES ('10035', null, null, null);
INSERT INTO "sample_epaswmm"."inp_junction" VALUES ('10036', null, null, null);
INSERT INTO "sample_epaswmm"."inp_junction" VALUES ('10037', null, null, null);
INSERT INTO "sample_epaswmm"."inp_junction" VALUES ('10038', null, null, null);
INSERT INTO "sample_epaswmm"."inp_junction" VALUES ('10039', null, null, null);
INSERT INTO "sample_epaswmm"."inp_junction" VALUES ('10040', null, null, null);
INSERT INTO "sample_epaswmm"."inp_junction" VALUES ('10041', null, null, null);
INSERT INTO "sample_epaswmm"."inp_junction" VALUES ('10042', null, null, null);
INSERT INTO "sample_epaswmm"."inp_junction" VALUES ('10043', null, null, null);
INSERT INTO "sample_epaswmm"."inp_junction" VALUES ('10044', null, null, null);
INSERT INTO "sample_epaswmm"."inp_junction" VALUES ('10045', null, null, null);
INSERT INTO "sample_epaswmm"."inp_junction" VALUES ('10046', null, null, null);
INSERT INTO "sample_epaswmm"."inp_junction" VALUES ('10047', null, null, null);
INSERT INTO "sample_epaswmm"."inp_junction" VALUES ('10048', null, null, null);
INSERT INTO "sample_epaswmm"."inp_junction" VALUES ('10049', null, null, null);
INSERT INTO "sample_epaswmm"."inp_junction" VALUES ('10050', null, null, null);
INSERT INTO "sample_epaswmm"."inp_junction" VALUES ('10051', null, null, null);
INSERT INTO "sample_epaswmm"."inp_junction" VALUES ('10052', null, null, null);
INSERT INTO "sample_epaswmm"."inp_junction" VALUES ('10053', null, null, null);
INSERT INTO "sample_epaswmm"."inp_junction" VALUES ('10054', null, null, null);
INSERT INTO "sample_epaswmm"."inp_junction" VALUES ('10055', null, null, null);
INSERT INTO "sample_epaswmm"."inp_junction" VALUES ('10056', null, null, null);
INSERT INTO "sample_epaswmm"."inp_junction" VALUES ('10057', null, null, null);
INSERT INTO "sample_epaswmm"."inp_junction" VALUES ('10058', null, null, null);
INSERT INTO "sample_epaswmm"."inp_junction" VALUES ('10059', null, null, null);
INSERT INTO "sample_epaswmm"."inp_junction" VALUES ('10060', null, null, null);
INSERT INTO "sample_epaswmm"."inp_junction" VALUES ('10061', null, null, null);
INSERT INTO "sample_epaswmm"."inp_junction" VALUES ('10062', null, null, null);
INSERT INTO "sample_epaswmm"."inp_junction" VALUES ('10063', null, null, null);
INSERT INTO "sample_epaswmm"."inp_junction" VALUES ('10064', null, null, null);
INSERT INTO "sample_epaswmm"."inp_junction" VALUES ('10065', null, null, null);
INSERT INTO "sample_epaswmm"."inp_junction" VALUES ('10066', null, null, null);
INSERT INTO "sample_epaswmm"."inp_junction" VALUES ('10067', null, null, null);
INSERT INTO "sample_epaswmm"."inp_junction" VALUES ('10068', null, null, null);
INSERT INTO "sample_epaswmm"."inp_junction" VALUES ('10069', null, null, null);
INSERT INTO "sample_epaswmm"."inp_junction" VALUES ('10070', null, null, null);
INSERT INTO "sample_epaswmm"."inp_junction" VALUES ('10071', null, null, null);
INSERT INTO "sample_epaswmm"."inp_junction" VALUES ('10072', null, null, null);
INSERT INTO "sample_epaswmm"."inp_junction" VALUES ('10073', null, null, null);
INSERT INTO "sample_epaswmm"."inp_junction" VALUES ('10074', null, null, null);
INSERT INTO "sample_epaswmm"."inp_junction" VALUES ('10075', null, null, null);
INSERT INTO "sample_epaswmm"."inp_junction" VALUES ('10076', null, null, null);
INSERT INTO "sample_epaswmm"."inp_junction" VALUES ('10077', null, null, null);
INSERT INTO "sample_epaswmm"."inp_junction" VALUES ('10078', null, null, null);
INSERT INTO "sample_epaswmm"."inp_junction" VALUES ('10079', null, null, null);
INSERT INTO "sample_epaswmm"."inp_junction" VALUES ('10080', null, null, null);
INSERT INTO "sample_epaswmm"."inp_junction" VALUES ('10081', null, null, null);
INSERT INTO "sample_epaswmm"."inp_junction" VALUES ('10082', null, null, null);
INSERT INTO "sample_epaswmm"."inp_junction" VALUES ('10083', null, null, null);
INSERT INTO "sample_epaswmm"."inp_junction" VALUES ('10084', null, null, null);
INSERT INTO "sample_epaswmm"."inp_junction" VALUES ('10085', null, null, null);
INSERT INTO "sample_epaswmm"."inp_junction" VALUES ('10086', null, null, null);
INSERT INTO "sample_epaswmm"."inp_junction" VALUES ('10087', null, null, null);
INSERT INTO "sample_epaswmm"."inp_junction" VALUES ('10088', null, null, null);
INSERT INTO "sample_epaswmm"."inp_junction" VALUES ('10089', null, null, null);
INSERT INTO "sample_epaswmm"."inp_junction" VALUES ('10090', null, null, null);
INSERT INTO "sample_epaswmm"."inp_junction" VALUES ('10091', null, null, null);
INSERT INTO "sample_epaswmm"."inp_junction" VALUES ('10092', null, null, null);
INSERT INTO "sample_epaswmm"."inp_junction" VALUES ('10093', null, null, null);
INSERT INTO "sample_epaswmm"."inp_junction" VALUES ('10094', null, null, null);
INSERT INTO "sample_epaswmm"."inp_junction" VALUES ('10095', null, null, null);
INSERT INTO "sample_epaswmm"."inp_junction" VALUES ('10096', null, null, null);
INSERT INTO "sample_epaswmm"."inp_junction" VALUES ('10097', null, null, null);
INSERT INTO "sample_epaswmm"."inp_junction" VALUES ('10098', null, null, null);
INSERT INTO "sample_epaswmm"."inp_junction" VALUES ('10099', null, null, null);
INSERT INTO "sample_epaswmm"."inp_junction" VALUES ('10100', null, null, null);
INSERT INTO "sample_epaswmm"."inp_junction" VALUES ('10101', null, null, null);
INSERT INTO "sample_epaswmm"."inp_junction" VALUES ('10102', null, null, null);
INSERT INTO "sample_epaswmm"."inp_junction" VALUES ('10104', null, null, null);
INSERT INTO "sample_epaswmm"."inp_junction" VALUES ('10105', null, null, null);
INSERT INTO "sample_epaswmm"."inp_junction" VALUES ('10106', null, null, null);
INSERT INTO "sample_epaswmm"."inp_junction" VALUES ('10107', null, null, null);
INSERT INTO "sample_epaswmm"."inp_junction" VALUES ('10108', null, null, null);
INSERT INTO "sample_epaswmm"."inp_junction" VALUES ('10109', null, null, null);
INSERT INTO "sample_epaswmm"."inp_junction" VALUES ('10110', null, null, null);
INSERT INTO "sample_epaswmm"."inp_junction" VALUES ('10111', null, null, null);
INSERT INTO "sample_epaswmm"."inp_junction" VALUES ('10112', null, null, null);
INSERT INTO "sample_epaswmm"."inp_junction" VALUES ('10113', null, null, null);
INSERT INTO "sample_epaswmm"."inp_junction" VALUES ('10114', null, null, null);
INSERT INTO "sample_epaswmm"."inp_junction" VALUES ('10115', null, null, null);
INSERT INTO "sample_epaswmm"."inp_junction" VALUES ('10116', null, null, null);
INSERT INTO "sample_epaswmm"."inp_junction" VALUES ('10117', null, null, null);
INSERT INTO "sample_epaswmm"."inp_junction" VALUES ('10118', null, null, null);
INSERT INTO "sample_epaswmm"."inp_junction" VALUES ('10119', null, null, null);
INSERT INTO "sample_epaswmm"."inp_junction" VALUES ('10120', null, null, null);
INSERT INTO "sample_epaswmm"."inp_junction" VALUES ('10121', null, null, null);
INSERT INTO "sample_epaswmm"."inp_junction" VALUES ('10122', null, null, null);
INSERT INTO "sample_epaswmm"."inp_junction" VALUES ('10123', null, null, null);
INSERT INTO "sample_epaswmm"."inp_junction" VALUES ('10124', null, null, null);
INSERT INTO "sample_epaswmm"."inp_junction" VALUES ('10125', null, null, null);
INSERT INTO "sample_epaswmm"."inp_junction" VALUES ('10126', null, null, null);
INSERT INTO "sample_epaswmm"."inp_junction" VALUES ('10127', null, null, null);
INSERT INTO "sample_epaswmm"."inp_junction" VALUES ('10128', null, null, null);
INSERT INTO "sample_epaswmm"."inp_junction" VALUES ('10129', null, null, null);
INSERT INTO "sample_epaswmm"."inp_junction" VALUES ('10130', null, null, null);
INSERT INTO "sample_epaswmm"."inp_junction" VALUES ('10131', null, null, null);
INSERT INTO "sample_epaswmm"."inp_junction" VALUES ('10132', null, null, null);
INSERT INTO "sample_epaswmm"."inp_junction" VALUES ('10233', null, null, null);
 

-- ----------------------------
-- Records of inp_label
-- ----------------------------
 
 

-- ----------------------------
-- Records of inp_landuses
-- ----------------------------
 
 

-- ----------------------------
-- Records of inp_lid_control
-- ----------------------------
 
 

-- ----------------------------
-- Records of inp_lidusage_subc_x_lidco
-- ----------------------------
 
 

-- ----------------------------
-- Records of inp_loadings_pol_x_subc
-- ----------------------------
 
 

-- ----------------------------
-- Records of inp_mapdim
-- ----------------------------
 
 

-- ----------------------------
-- Records of inp_mapunits
-- ----------------------------
 
 

-- ----------------------------
-- Records of inp_orifice
-- ----------------------------
 
 

-- ----------------------------
-- Records of inp_outfall
-- ----------------------------
 
INSERT INTO "sample_epaswmm"."inp_outfall" VALUES ('10234', 'FREE', null, null, null, 'NO');
 

-- ----------------------------
-- Records of inp_outlet
-- ----------------------------
 
 

-- ----------------------------
-- Records of inp_pattern
-- ----------------------------
 
INSERT INTO "sample_epaswmm"."inp_pattern" VALUES ('pattern_01', 'DAILY', '1.0000', '1.0500', '1.1200', '1.1500', '1.0000', '0.7000', '0.6000', null, null, null, null, null, null, null, null, null, null, null, null, null, null, null, null, null);
INSERT INTO "sample_epaswmm"."inp_pattern" VALUES ('pattern_04', 'WEEKEND', '0.2000', '0.2000', '0.2500', '0.2600', '0.3000', '0.3000', '0.8000', '1.0000', '1.0000', '1.5000', '1.8000', '1.7000', '1.2000', '1.0000', '0.7000', '0.6000', '0.6000', '0.5000', '0.8000', '0.9000', '1.0000', '1.0000', '0.5000', '0.4000');
INSERT INTO "sample_epaswmm"."inp_pattern" VALUES ('pattern_02', 'HOURLY', '0.2000', '0.2000', '0.2500', '0.2600', '0.3000', '0.3000', '0.8000', '1.0000', '1.0000', '1.5000', '1.8000', '1.7000', '1.2000', '1.0000', '0.7000', '0.6000', '0.6000', '0.5000', '0.8000', '0.9000', '1.0000', '1.0000', '0.5000', '0.4000');
INSERT INTO "sample_epaswmm"."inp_pattern" VALUES ('pattern_03', 'MONTHLY', '0.5000', '0.7000', '0.8000', '0.9000', '1.0000', '1.1000', '1.2000', '1.0000', '1.1000', '0.9000', '0.7000', '0.6000', null, null, null, null, null, null, null, null, null, null, null, null);
 

-- ----------------------------
-- Records of inp_pollutant
-- ----------------------------
 
 

-- ----------------------------
-- Records of inp_project_id
-- ----------------------------
 
INSERT INTO "sample_epaswmm"."inp_project_id" VALUES ('Sewer system demo project', 'Giswater', 'Dec-2013');
 

-- ----------------------------
-- Records of inp_pump
-- ----------------------------
 
 

-- ----------------------------
-- Records of inp_rdii
-- ----------------------------
 
 

-- ----------------------------
-- Records of inp_snowmelt
-- ----------------------------
 
 

-- ----------------------------
-- Records of inp_snowpack
-- ----------------------------
 
 

-- ----------------------------
-- Records of inp_storage
-- ----------------------------
 
 

-- ----------------------------
-- Records of inp_temperature
-- ----------------------------
 
 

-- ----------------------------
-- Records of inp_timeseries
-- ----------------------------
 
INSERT INTO "sample_epaswmm"."inp_timeseries" VALUES (16, 'T10-5m', '', '', '0:00', '1.7800', '');
INSERT INTO "sample_epaswmm"."inp_timeseries" VALUES (21, 'T10-5m', '', '', '0:05', '2.0800', '');
INSERT INTO "sample_epaswmm"."inp_timeseries" VALUES (22, 'T10-5m', '', '', '0:10', '2.5200', '');
INSERT INTO "sample_epaswmm"."inp_timeseries" VALUES (23, 'T10-5m', '', '', '0:15', '3.2500', '');
INSERT INTO "sample_epaswmm"."inp_timeseries" VALUES (24, 'T10-5m', '', '', '0:20', '4.7800', '');
INSERT INTO "sample_epaswmm"."inp_timeseries" VALUES (25, 'T10-5m', '', '', '0:25', '15.5200', '');
INSERT INTO "sample_epaswmm"."inp_timeseries" VALUES (26, 'T10-5m', '', '', '0:30', '6.5800', '');
INSERT INTO "sample_epaswmm"."inp_timeseries" VALUES (27, 'T10-5m', '', '', '0:35', '3.8400', '');
INSERT INTO "sample_epaswmm"."inp_timeseries" VALUES (28, 'T10-5m', '', '', '0:40', '2.8300', '');
INSERT INTO "sample_epaswmm"."inp_timeseries" VALUES (29, 'T10-5m', '', '', '0:45', '2.2800', '');
INSERT INTO "sample_epaswmm"."inp_timeseries" VALUES (30, 'T10-5m', '', '', '0:50', '1.9200', '');
INSERT INTO "sample_epaswmm"."inp_timeseries" VALUES (31, 'T10-5m', '', '', '0:55', '1.6600', '');
INSERT INTO "sample_epaswmm"."inp_timeseries" VALUES (32, 'T5-5m', '', '', '0:00', '0.7800', '');
INSERT INTO "sample_epaswmm"."inp_timeseries" VALUES (33, 'T5-5m', '', '', '0:05', '1.1500', '');
INSERT INTO "sample_epaswmm"."inp_timeseries" VALUES (34, 'T5-5m', '', '', '0:10', '2.2200', '');
INSERT INTO "sample_epaswmm"."inp_timeseries" VALUES (35, 'T5-5m', '', '', '0:15', '3.9900', '');
INSERT INTO "sample_epaswmm"."inp_timeseries" VALUES (36, 'T5-5m', '', '', '0:20', '4.8800', '');
INSERT INTO "sample_epaswmm"."inp_timeseries" VALUES (37, 'T5-5m', '', '', '0:25', '8.7500', '');
INSERT INTO "sample_epaswmm"."inp_timeseries" VALUES (38, 'T5-5m', '', '', '0:30', '5.1500', '');
INSERT INTO "sample_epaswmm"."inp_timeseries" VALUES (39, 'T5-5m', '', '', '0:35', '3.2000', '');
INSERT INTO "sample_epaswmm"."inp_timeseries" VALUES (40, 'T5-5m', '', '', '0:40', '2.2500', '');
INSERT INTO "sample_epaswmm"."inp_timeseries" VALUES (41, 'T5-5m', '', '', '0:45', '1.2500', '');
INSERT INTO "sample_epaswmm"."inp_timeseries" VALUES (42, 'T5-5m', '', '', '0:50', '0.9200', '');
INSERT INTO "sample_epaswmm"."inp_timeseries" VALUES (43, 'T5-5m', '', '', '0:55', '0.4900', '');
 

-- ----------------------------
-- Records of inp_transects
-- ----------------------------
 
 

-- ----------------------------
-- Records of inp_treatment_node_x_pol
-- ----------------------------
 
 

-- ----------------------------
-- Records of inp_washoff_land_x_pol
-- ----------------------------
 
 

-- ----------------------------
-- Records of inp_weir
-- ----------------------------
 
 

-- ----------------------------
-- Records of inp_windspeed
-- ----------------------------
 
 


-- ----------------------------
-- Records of raingage
-- ----------------------------
 
INSERT INTO "sample_epaswmm"."raingage" VALUES ('41', 'VOLUME', '0:05', '1.0000', 'TIMESERIES', 'T5-5m', null, null, '', '0101000020E764000042CE59EF40991941ACF9896B9C755141');
 

-- ----------------------------
-- Records of result_selection
-- ----------------------------
 
 


-- ----------------------------
-- Records of sector_selection
-- ----------------------------
 
INSERT INTO "sample_epaswmm"."sector_selection" VALUES ('sector_01');
 

-- ----------------------------
-- Records of subcatchment
-- ----------------------------
 
INSERT INTO "sample_epaswmm"."subcatchment" VALUES ('30029', '10029', '41', '0.275643', '90.0000', '41.1100', '18.1085', '67.0500', '', '0.0130', '0.0250', '1.7779', '0.0000', '0.0000', 'IMPERVIOUS', '100.0000', null, null, null, null, null, null, null, null, '83.0000', '0.0000', '10.0000', 'sector_01', '0106000020E76400000100000001030000000100000017000000839BD9A73491194130CF1461AD7551416208592470911941C9AF370F9C7551411EAFD6DC6F901941C6ECFEFA9E755141961FA30770901941E58694319F755141727567FC719019411918AB2AA07551413D3A67D074901941E66A3822A17551416ECF897F78901941E76EE416A27551418298B6057D901941F49C9807A3755141F8835349829019411B408CE5A37551410A03614A88901941A0FB04BFA47551413A7AC6048F901941F40C0D93A57551414170466E96901941CCB1AE60A675514191181E679990194105FAE7ACA6755141F53537C09C901941EA965AF5A675514155918872D8901941FD3532C4AA75514180C4493CEC90194116A0855FAB7551418471D8A8F4901941AC9AE3B1AB7551412218E82AFD90194194716602AC755141AEF82EB605911941B8128B50AC7551412257A59E10911941FF0B6CA3AC7551411A015BBC1B911941138A63EFAC755141839BD9A73491194130CF1461AD755141839BD9A73491194130CF1461AD755141');
INSERT INTO "sample_epaswmm"."subcatchment" VALUES ('30030', '10030', '41', '0.295895', '90.0000', '52.7000', '13.0801', '56.1500', '', '0.0130', '0.0250', '2.0851', '0.0000', '0.0000', 'IMPERVIOUS', '100.0000', null, null, null, null, null, null, null, null, '83.0000', '0.0000', '10.0000', 'sector_01', '0106000020E764000001000000010300000001000000090000001EAFD6DC6F901941C6ECFEFA9E7551416208592470911941C9AF370F9C75514174CE9035729119418CEA0FF19B75514151DE612A65911941BB28969A967551412690183BEC9019413EEBA56290755141C059B31667901941DAA125989075514192F4D9C569901941EA9EB236977551411EAFD6DC6F901941C6ECFEFA9E7551411EAFD6DC6F901941C6ECFEFA9E755141');
INSERT INTO "sample_epaswmm"."subcatchment" VALUES ('30031', '10031', '41', '0.121294', '90.0000', '30.2200', '12.6305', '40.1400', '', '0.0130', '0.0250', '2.1211', '0.0000', '0.0000', 'IMPERVIOUS', '100.0000', null, null, null, null, null, null, null, null, '83.0000', '0.0000', '10.0000', 'sector_01', '0106000020E76400000100000001030000000100000006000000C059B31667901941DAA12598907551412690183BEC9019413EEBA56290755141388BC4EED090194195D01A7786755141F6E9B40863901941F8FA659886755141C059B31667901941DAA1259890755141C059B31667901941DAA1259890755141');
INSERT INTO "sample_epaswmm"."subcatchment" VALUES ('30032', '10032', '41', '0.179721', '90.0000', '44.7700', '11.1038', '40.1400', '', '0.0130', '0.0250', '2.2593', '0.0000', '0.0000', 'IMPERVIOUS', '100.0000', null, null, null, null, null, null, null, null, '83.0000', '0.0000', '10.0000', 'sector_01', '0106000020E76400000100000001030000000100000008000000F6E9B40863901941F8FA659886755141388BC4EED090194195D01A778675514148A9914B57911941838B7C4B7C7551417ECFFFCD57911941F005E7327C755141161F749F5F9019411CC2FCA07C7551414CF9E15E62901941DD719AF584755141F6E9B40863901941F8FA659886755141F6E9B40863901941F8FA659886755141');
INSERT INTO "sample_epaswmm"."subcatchment" VALUES ('30033', '10033', '41', '0.219874', '90.0000', '55.2200', '5.6902', '39.8200', '', '0.0130', '0.0250', '3.1351', '0.0000', '0.0000', 'IMPERVIOUS', '100.0000', null, null, null, null, null, null, null, null, '83.0000', '0.0000', '10.0000', 'sector_01', '0106000020E76400000100000001030000000100000009000000161F749F5F9019411CC2FCA07C7551417ECFFFCD57911941F005E7327C755141E2DCB04473911941F19F631C7A755141E782D0DAEB901941A2F0186D7275514186682B715C9019417E96B5A072755141F2C778985E901941FFFF77047875514197468BB85E9019410BD4EDE479755141161F749F5F9019411CC2FCA07C755141161F749F5F9019411CC2FCA07C755141');
INSERT INTO "sample_epaswmm"."subcatchment" VALUES ('30034', '10034', '41', '0.131316', '90.0000', '32.9800', '4.1007', '39.8200', '', '0.0130', '0.0250', '3.6810', '0.0000', '0.0000', 'IMPERVIOUS', '100.0000', null, null, null, null, null, null, null, null, '83.0000', '0.0000', '10.0000', 'sector_01', '0106000020E7640000010000000103000000010000000600000086682B715C9019417E96B5A072755141E782D0DAEB901941A2F0186D727551413D9FDB77CF90194100F65E6F687551412E4F107558901941807CA9A76875514186682B715C9019417E96B5A07275514186682B715C9019417E96B5A072755141');
INSERT INTO "sample_epaswmm"."subcatchment" VALUES ('30035', '10035', '41', '0.247223', '90.0000', '59.4000', '4.7022', '41.6200', '', '0.0130', '0.0250', '3.4422', '0.0000', '0.0000', 'IMPERVIOUS', '100.0000', null, null, null, null, null, null, null, null, '83.0000', '0.0000', '10.0000', 'sector_01', '0106000020E76400000100000001030000000100000008000000FE96D5D22C92194139E45D3663755141180694966C921941B8908E6D76755141E55723F36D921941A41FAE6F767551417798B64174921941143683237675514125CF0B79EF921941BC85F5AB6A75514198C7D3D9D092194129CCA32361755141FE96D5D22C92194139E45D3663755141FE96D5D22C92194139E45D3663755141');
INSERT INTO "sample_epaswmm"."subcatchment" VALUES ('30036', '10036', '41', '0.203814', '90.0000', '55.8400', '7.6052', '36.5000', '', '0.0130', '0.0250', '2.7197', '0.0000', '0.0000', 'IMPERVIOUS', '100.0000', null, null, null, null, null, null, null, null, '81.9704', '0.0000', '10.0000', 'sector_01', '0106000020E7640000010000000103000000010000000600000098C7D3D9D092194129CCA3236175514125CF0B79EF921941BC85F5AB6A755141C57214EC7F9319417BDDE2ED687551415E9BAC1742931941CA7F7A105775514198C7D3D9D092194129CCA3236175514198C7D3D9D092194129CCA32361755141');
INSERT INTO "sample_epaswmm"."subcatchment" VALUES ('30037', '10037', '41', '0.364029', '90.0000', '93.9200', '6.9054', '38.7600', '', '0.0130', '0.0250', '2.8514', '0.0000', '0.0000', 'IMPERVIOUS', '100.0000', null, null, null, null, null, null, null, null, '83.0000', '0.0000', '10.0000', 'sector_01', '0106000020E7640000010000000103000000010000000700000051B0C9D60B951941CFC8C8077275514124B805B355951941CC4D575B6F755141260F1CC711951941D69793EA5975514147008DC37994194185C038C95B755141D371EE32C0941941118733407375514151B0C9D60B951941CFC8C8077275514151B0C9D60B951941CFC8C80772755141');
INSERT INTO "sample_epaswmm"."subcatchment" VALUES ('30038', '10038', '41', '0.347967', '90.0000', '87.3600', '10.7699', '39.8300', '', '0.0130', '0.0250', '2.2934', '0.0000', '0.0000', 'IMPERVIOUS', '100.0000', null, null, null, null, null, null, null, null, '83.0000', '0.0000', '10.0000', 'sector_01', '0106000020E76400000100000001030000000100000009000000C5783C9970951941E5BDC02C51755141260F1CC711951941D69793EA5975514124B805B355951941CC4D575B6F7551415C0BCED25C9519414805803F6F75514160B8350F9895194199C776EB6B755141283F298CCF9519419977B46363755141720406AC9B951941F542BD4853755141C5783C9970951941E5BDC02C51755141C5783C9970951941E5BDC02C51755141');
INSERT INTO "sample_epaswmm"."subcatchment" VALUES ('30039', '10039', '41', '0.189758', '90.0000', '51.6300', '10.5476', '36.7500', '', '0.0130', '0.0250', '2.317', '0.0000', '0.0000', 'IMPERVIOUS', '100.0000', null, null, null, null, null, null, null, null, '83.0000', '0.0000', '10.0000', 'sector_01', '0106000020E76400000100000001030000000100000006000000283F298CCF9519419977B46363755141BFBB6E0E4F961941B88215745E755141EA0A144E449619416BCBAD8055755141720406AC9B951941F542BD4853755141283F298CCF9519419977B46363755141283F298CCF9519419977B46363755141');
INSERT INTO "sample_epaswmm"."subcatchment" VALUES ('30040', '10040', '41', '0.221029', '75.0000', '55.9400', '7.3046', '39.5100', '', '0.0130', '0.0250', '2.7740', '0.0000', '0.0000', 'IMPERVIOUS', '100.0000', null, null, null, null, null, null, null, null, '79.9355', '0.0000', '10.0000', 'sector_01', '0106000020E76400000100000001030000000100000006000000BFBB6E0E4F961941B88215745E7551411442B553E29619410E52D4C2627551416F8A7AE8F79619415C455AA550755141EA0A144E449619416BCBAD8055755141BFBB6E0E4F961941B88215745E755141BFBB6E0E4F961941B88215745E755141');
INSERT INTO "sample_epaswmm"."subcatchment" VALUES ('30041', '10041', '41', '0.450320', '90.0000', '106.3300', '6.2251', '42.3500', '', '0.0130', '0.0250', '3.0001', '0.0000', '0.0000', 'IMPERVIOUS', '100.0000', null, null, null, null, null, null, null, null, '81.0600', '0.0000', '10.0000', 'sector_01', '0106000020E7640000010000000103000000010000000A0000006F8A7AE8F79619415C455AA5507551411442B553E29619410E52D4C262755141F87D0F5106971941B6C5634B67755141B7C71522469719411A705E2168755141DEEFA1258A9719413C0D3EBA62755141306B2878AE97194196A69F6C4C755141B47A54D1A497194194C9EDED4B755141AEF0DFE852971941FF409FCD497551416F8A7AE8F79619415C455AA5507551416F8A7AE8F79619415C455AA550755141');
INSERT INTO "sample_epaswmm"."subcatchment" VALUES ('30042', '10042', '41', '0.305802', '90.0000', '75.8100', '5.8961', '40.3400', '', '0.0130', '0.0250', '3.0810', '0.0000', '0.0000', 'IMPERVIOUS', '100.0000', null, null, null, null, null, null, null, null, '83.0000', '0.0000', '10.0000', 'sector_01', '0106000020E76400000100000001030000000100000008000000DEEFA1258A9719413C0D3EBA62755141E824A2B32E9819415AD1447060755141DD73677C4598194167EDBD72527551411C1283B33E981941AD1E54055175514113405CD822981941C13ACA684F755141306B2878AE97194196A69F6C4C755141DEEFA1258A9719413C0D3EBA62755141DEEFA1258A9719413C0D3EBA62755141');
INSERT INTO "sample_epaswmm"."subcatchment" VALUES ('30043', '10043', '41', '0.142615', '90.0000', '35.4300', '4.8582', '40.2500', '', '0.0130', '0.0250', '3.3876', '0.0000', '0.0000', 'IMPERVIOUS', '100.0000', null, null, null, null, null, null, null, null, '83.0000', '0.0000', '10.0000', 'sector_01', '0106000020E76400000100000001030000000100000006000000DD73677C4598194167EDBD7252755141E824A2B32E9819415AD1447060755141A3023D3359981941E8AD066963755141FADA099CD2981941C32615C85C755141DD73677C4598194167EDBD7252755141DD73677C4598194167EDBD7252755141');
INSERT INTO "sample_epaswmm"."subcatchment" VALUES ('30044', '10044', '41', '0.168557', '90.0000', '44.8300', '5.1787', '37.6000', '', '0.0130', '0.0250', '3.2832', '0.0000', '0.0000', 'IMPERVIOUS', '100.0000', null, null, null, null, null, null, null, null, '83.0000', '0.0000', '10.0000', 'sector_01', '0106000020E764000001000000010300000001000000070000001C1283B33E981941AD1E540551755141DD73677C4598194167EDBD7252755141FADA099CD2981941C32615C85C75514184B6F71245991941A1FE3488567551410160CF3FF9981941CFA8BB3E517551411C1283B33E981941AD1E5405517551411C1283B33E981941AD1E540551755141');
INSERT INTO "sample_epaswmm"."subcatchment" VALUES ('30045', '10045', '41', '0.119668', '90.0000', '29.4500', '5.8303', '40.6400', '', '0.0130', '0.0250', '3.0980', '0.0000', '0.0000', 'IMPERVIOUS', '100.0000', null, null, null, null, null, null, null, null, '83.0000', '0.0000', '10.0000', 'sector_01', '0106000020E7640000010000000103000000010000000A000000BCAEE13B75991941F0E22F024A7551410160CF3FF9981941CFA8BB3E5175514184B6F71245991941A1FE3488567551419CFED3CA779919410B1551C353755141600934B18A9919410D6BFCB752755141262811D79D991941A7F0AFB0517551410137653BB1991941816A8CAD50755141E0B5E8BABD9919418A11410B50755141BCAEE13B75991941F0E22F024A755141BCAEE13B75991941F0E22F024A755141');
INSERT INTO "sample_epaswmm"."subcatchment" VALUES ('30046', '10046', '41', '0.127353', '90.0000', '31.9800', '3.6985', '39.8200', '', '0.0130', '0.0250', '3.8720', '0.0000', '0.0000', 'IMPERVIOUS', '100.0000', null, null, null, null, null, null, null, null, '83.0000', '0.0000', '10.0000', 'sector_01', '0106000020E764000001000000010300000001000000070000002E4F107558901941807CA9A7687551413D9FDB77CF90194100F65E6F687551418FD39679039119414D6ABCD463755141DBE54CB487901941884331905E7551416A7E7C765490194109DD6DA85E7551412E4F107558901941807CA9A7687551412E4F107558901941807CA9A768755141');
INSERT INTO "sample_epaswmm"."subcatchment" VALUES ('30047', '10047', '41', '0.092237', '90.0000', '23.1800', '4.2790', '39.8000', '', '0.0130', '0.0250', '3.6050', '0.0000', '0.0000', 'IMPERVIOUS', '100.0000', null, null, null, null, null, null, null, null, '83.0000', '0.0000', '10.0000', 'sector_01', '0106000020E764000001000000010300000001000000060000006A7E7C765490194109DD6DA85E755141DBE54CB487901941884331905E755141529A189FD59019411B3B376A54755141ADA1E87750901941811E32A9547551416A7E7C765490194109DD6DA85E7551416A7E7C765490194109DD6DA85E755141');
INSERT INTO "sample_epaswmm"."subcatchment" VALUES ('30048', '10048', '41', '0.182975', '90.0000', '45.1900', '6.5784', '40.4900', '', '0.0130', '0.0250', '2.9200', '0.0000', '0.0000', 'IMPERVIOUS', '100.0000', null, null, null, null, null, null, null, null, '83.0000', '0.0000', '10.0000', 'sector_01', '0106000020E76400000100000001030000000100000007000000ADA1E87750901941811E32A954755141529A189FD59019411B3B376A547551411B8D1B31ED901941A25BACC05375514133CB5D48229119414E60D5444A7551410AD854794C901941B58EF6A94A755141ADA1E87750901941811E32A954755141ADA1E87750901941811E32A954755141');
INSERT INTO "sample_epaswmm"."subcatchment" VALUES ('30049', '10049', '41', '0.248776', '90.0000', '57.5900', '4.4087', '43.2000', '', '0.0130', '0.0250', '3.5527', '0.0000', '0.0000', 'IMPERVIOUS', '100.0000', null, null, null, null, null, null, null, null, '83.0000', '0.0000', '10.0000', 'sector_01', '0106000020E764000001000000010300000001000000090000000AD854794C901941B58EF6A94A75514133CB5D48229119414E60D5444A7551414B65F8F554911941223850F44675514133F19173669119415338019543755141C88BF326459119413768AC4742755141C44A5799499019412FDB6F4F3F755141EC4E0D394A9019411149B107457551410AD854794C901941B58EF6A94A7551410AD854794C901941B58EF6A94A755141');
INSERT INTO "sample_epaswmm"."subcatchment" VALUES ('30050', '10050', '41', '0.169513', '90.0000', '41.9400', '2.1786', '40.4200', '', '0.0130', '0.0250', '5.0183', '0.0000', '0.0000', 'IMPERVIOUS', '100.0000', null, null, null, null, null, null, null, null, '83.0000', '0.0000', '10.0000', 'sector_01', '0106000020E76400000100000001030000000100000009000000C44A5799499019412FDB6F4F3F755141C88BF326459119413768AC47427551410535A4EEBE9019410E084A833575514184C1EDC4A490194119E6FE9736755141517295B4749019416032C57838755141DC76E9D96590194107D38F443875514160EF194349901941EC2BC7383C755141C44A5799499019412FDB6F4F3F755141C44A5799499019412FDB6F4F3F755141');
INSERT INTO "sample_epaswmm"."subcatchment" VALUES ('30051', '10051', '41', '0.363703', '90.0000', '80.6600', '3.0250', '45.0900', '', '0.0130', '0.0250', '4.2728', '0.0000', '0.0000', 'IMPERVIOUS', '100.0000', null, null, null, null, null, null, null, null, '83.0000', '0.0000', '10.0000', 'sector_01', '0106000020E764000001000000010300000001000000080000008FD39679039119414D6ABCD4637551413D9FDB77CF90194100F65E6F68755141E782D0DAEB901941A2F0186D72755141E2DCB04473911941F19F631C7A7551411A0093DEBB91194132F8D9A078755141647484A66C911941D7083125617551418FD39679039119414D6ABCD4637551418FD39679039119414D6ABCD463755141');
INSERT INTO "sample_epaswmm"."subcatchment" VALUES ('30052', '10052', '41', '0.436783', '90.0000', '96.7200', '5.9957', '45.1600', '', '0.0130', '0.0250', '3.0558', '0.0000', '0.0000', 'IMPERVIOUS', '100.0000', null, null, null, null, null, null, null, null, '83.0000', '0.0000', '10.0000', 'sector_01', '0106000020E764000001000000010300000001000000090000005C1029E6E6911941C6AF9DC678755141180694966C921941B8908E6D76755141FE96D5D22C92194139E45D3663755141A43F63E4CA91194181E888975E755141F5FA212475911941C49DE67160755141647484A66C911941D7083125617551411A0093DEBB91194132F8D9A0787551415C1029E6E6911941C6AF9DC6787551415C1029E6E6911941C6AF9DC678755141');
INSERT INTO "sample_epaswmm"."subcatchment" VALUES ('30053', '10053', '41', '0.296098', '90.0000', '73.4900', '17.6509', '40.2900', '', '0.0130', '0.0250', '1.8003', '0.0000', '0.0000', 'IMPERVIOUS', '100.0000', null, null, null, null, null, null, null, null, '83.9466', '0.0000', '10.0000', 'sector_01', '0106000020E76400000100000001030000000100000007000000388BC4EED090194195D01A77867551412690183BEC9019413EEBA5629075514151DE612A65911941BB28969A967551412474967890911941C5DD8C129175514148A9914B57911941838B7C4B7C755141388BC4EED090194195D01A7786755141388BC4EED090194195D01A7786755141');
INSERT INTO "sample_epaswmm"."subcatchment" VALUES ('30054', '10054', '41', '0.328662', '90.0000', '84.5100', '15.4318', '38.8900', '', '0.0130', '0.0250', '1.9228', '0.0000', '0.0000', 'IMPERVIOUS', '100.0000', null, null, null, null, null, null, null, null, '83.9026', '0.0000', '10.0000', 'sector_01', '0106000020E7640000010000000103000000010000000900000032675400259219413A55C5268B7551415C1029E6E6911941C6AF9DC6787551411A0093DEBB91194132F8D9A078755141E2DCB04473911941F19F631C7A7551417ECFFFCD57911941F005E7327C75514148A9914B57911941838B7C4B7C7551412474967890911941C5DD8C129175514132675400259219413A55C5268B75514132675400259219413A55C5268B755141');
INSERT INTO "sample_epaswmm"."subcatchment" VALUES ('30055', '10055', '41', '0.368615', '65.0000', '82.2400', '11.9286', '44.8200', '', '0.0130', '0.0250', '2.1814', '0.0000', '0.0000', 'IMPERVIOUS', '100.0000', null, null, null, null, null, null, null, null, '88.8614', '0.0000', '10.0000', 'sector_01', '0106000020E7640000010000000103000000010000000B00000053DE6D8DD4921941001750B58E75514132675400259219413A55C5268B7551412474967890911941C5DD8C129175514151DE612A65911941BB28969A9675514174CE9035729119418CEA0FF19B75514140848B6C8D9119417B7A98609C755141107F64ADD2911941F6AACBF09B7551415B011CEBE192194179E8BDC4907551414E4D0CFAE7921941909239EA8F75514153DE6D8DD4921941001750B58E75514153DE6D8DD4921941001750B58E755141');
INSERT INTO "sample_epaswmm"."subcatchment" VALUES ('30056', '10056', '41', '0.207522', '65.0000', '60.1000', '12.7961', '34.5300', '', '0.0130', '0.0250', '2.1076', '0.0000', '0.0000', 'IMPERVIOUS', '100.0000', null, null, null, null, null, null, null, null, '88.3876', '0.0000', '10.0000', 'sector_01', '0106000020E764000001000000010300000001000000060000003C0FBEB97792194104195B53A075514167949A8EEE9219416958D36F997551415B011CEBE192194179E8BDC490755141107F64ADD2911941F6AACBF09B7551413C0FBEB97792194104195B53A07551413C0FBEB97792194104195B53A0755141');
INSERT INTO "sample_epaswmm"."subcatchment" VALUES ('30057', '10057', '41', '0.349293', '90.0000', '87.4100', '12.2943', '39.9600', '', '0.0130', '0.0250', '2.1494', '0.0000', '0.0000', 'IMPERVIOUS', '100.0000', null, null, null, null, null, null, null, null, '85.6663', '0.0000', '10.0000', 'sector_01', '0106000020E7640000010000000103000000010000000800000032675400259219413A55C5268B75514153DE6D8DD4921941001750B58E75514180B13F3789921941E915AB6A78755141E55723F36D921941A41FAE6F76755141180694966C921941B8908E6D767551415C1029E6E6911941C6AF9DC67875514132675400259219413A55C5268B75514132675400259219413A55C5268B755141');
INSERT INTO "sample_epaswmm"."subcatchment" VALUES ('30058', '10058', '41', '0.292487', '90.0000', '79.2900', '12.8049', '36.8900', '', '0.0130', '0.0250', '2.1069', '0.0000', '0.0000', 'IMPERVIOUS', '100.0000', null, null, null, null, null, null, null, null, '84.5201', '0.0000', '10.0000', 'sector_01', '0106000020E76400000100000001030000000100000009000000907931D4619319418274ACED8A755141C2415CCE30931941935BBB037E75514180B13F3789921941E915AB6A7875514153DE6D8DD4921941001750B58E7551414E4D0CFAE7921941909239EA8F7551416A56304D3C93194169DD22B18E7551418FEDCB0C4293194146159E658E755141907931D4619319418274ACED8A755141907931D4619319418274ACED8A755141');
INSERT INTO "sample_epaswmm"."subcatchment" VALUES ('30059', '10059', '41', '0.285528', '90.0000', '40.2400', '17.0856', '70.9500', '', '0.0130', '0.0250', '1.8293', '0.0000', '0.0000', 'IMPERVIOUS', '100.0000', null, null, null, null, null, null, null, null, '83.0000', '0.0000', '10.0000', 'sector_01', '0106000020E76400000100000001030000000100000006000000907931D4619319418274ACED8A7551418A2BCD5C499419415E3424A481755141BAEE142371941941ED2EBB147A755141C2415CCE30931941935BBB037E755141907931D4619319418274ACED8A755141907931D4619319418274ACED8A755141');
INSERT INTO "sample_epaswmm"."subcatchment" VALUES ('30060', '10060', '41', '0.213486', '90.0000', '73.1900', '7.5658', '29.1700', '', '0.0130', '0.0250', '2.7266', '0.0000', '0.0000', 'IMPERVIOUS', '100.0000', null, null, null, null, null, null, null, null, '83.0000', '0.0000', '10.0000', 'sector_01', '0106000020E76400000100000001030000000100000007000000C8F019F4159419419B93DF13917551416AEF2D26559419418EB1A1F7847551418A2BCD5C499419415E3424A481755141907931D4619319418274ACED8A7551418FEDCB0C4293194146159E658E755141C8F019F4159419419B93DF1391755141C8F019F4159419419B93DF1391755141');
INSERT INTO "sample_epaswmm"."subcatchment" VALUES ('30061', '10061', '41', '0.446930', '90.0000', '113.1800', '4.6876', '39.4900', '', '0.0130', '0.0250', '3.4474', '0.0000', '0.0000', 'IMPERVIOUS', '100.0000', null, null, null, null, null, null, null, null, '83.0000', '0.0000', '10.0000', 'sector_01', '0106000020E7640000010000000103000000010000000A000000903128F99D941941C6EDA56B74755141C8C7EB9436941941D600DC9B707551417798B641749219411436832376755141E55723F36D921941A41FAE6F7675514180B13F3789921941E915AB6A78755141C2415CCE30931941935BBB037E755141BAEE142371941941ED2EBB147A755141C6EB251F8A941941EF3CC5E577755141903128F99D941941C6EDA56B74755141903128F99D941941C6EDA56B74755141');
INSERT INTO "sample_epaswmm"."subcatchment" VALUES ('30062', '10062', '41', '0.301836', '90.0000', '77.2200', '4.4818', '39.0900', '', '0.0130', '0.0250', '3.5241', '0.0000', '0.0000', 'IMPERVIOUS', '100.0000', null, null, null, null, null, null, null, null, '83.0000', '0.0000', '10.0000', 'sector_01', '0106000020E76400000100000001030000000100000007000000C57214EC7F9319417BDDE2ED6875514125CF0B79EF921941BC85F5AB6A7551417798B641749219411436832376755141C8C7EB9436941941D600DC9B70755141C5F2540C21941941720399026F755141C57214EC7F9319417BDDE2ED68755141C57214EC7F9319417BDDE2ED68755141');
INSERT INTO "sample_epaswmm"."subcatchment" VALUES ('30063', '10063', '41', '0.347671', '75.0000', '100.0200', '7.2350', '34.7600', '', '0.0130', '0.0250', '2.7870', '0.0000', '0.0000', 'IMPERVIOUS', '100.0000', null, null, null, null, null, null, null, null, '79.0585', '0.0000', '10.0000', 'sector_01', '0106000020E76400000100000001030000000100000009000000C5F2540C21941941720399026F75514199D8FFD9CC9319410A44B3CE54755141B9B1C63AC39319413555E314547551411875D2E29493194178F4635452755141261AE3764D9319418BB3DFBE547551415E9BAC1742931941CA7F7A1057755141C57214EC7F9319417BDDE2ED68755141C5F2540C21941941720399026F755141C5F2540C21941941720399026F755141');
INSERT INTO "sample_epaswmm"."subcatchment" VALUES ('30064', '10064', '41', '0.389672', '90.0000', '107.0900', '4.1347', '36.3900', '', '0.0130', '0.0250', '3.6661', '0.0000', '0.0000', 'IMPERVIOUS', '100.0000', null, null, null, null, null, null, null, null, '83.0000', '0.0000', '10.0000', 'sector_01', '0106000020E7640000010000000103000000010000000800000047008DC37994194185C038C95B75514199D8FFD9CC9319410A44B3CE54755141C5F2540C21941941720399026F755141C8C7EB9436941941D600DC9B70755141903128F99D941941C6EDA56B74755141D371EE32C0941941118733407375514147008DC37994194185C038C95B75514147008DC37994194185C038C95B755141');
INSERT INTO "sample_epaswmm"."subcatchment" VALUES ('30065', '10065', '41', '0.236537', '90.0000', '58.2300', '3.3808', '40.6200', '', '0.0130', '0.0250', '4.0462', '0.0000', '0.0000', 'IMPERVIOUS', '100.0000', null, null, null, null, null, null, null, null, '83.0000', '0.0000', '10.0000', 'sector_01', '0106000020E7640000010000000103000000010000000A0000000535A4EEBE9019410E084A8335755141C88BF326459119413768AC474275514133F191736691194153380195437551419F7D3C97779119413809DFE542755141C1D8A8759C911941562F33253D7551410CCD264489911941847A608C36755141C08470684491194162CD9CFF2F7551418EE2F54B3F911941189BAB35307551410535A4EEBE9019410E084A83357551410535A4EEBE9019410E084A8335755141');
INSERT INTO "sample_epaswmm"."subcatchment" VALUES ('30066', '10066', '41', '0.096058', '90.0000', '23.6800', '8.3773', '40.5700', '', '0.0130', '0.0250', '2.5938', '0.0000', '0.0000', 'IMPERVIOUS', '100.0000', null, null, null, null, null, null, null, null, '84.0173', '0.0000', '10.0000', 'sector_01', '0106000020E76400000100000001030000000100000008000000C08470684491194162CD9CFF2F7551410CCD264489911941847A608C36755141CD505A09EA9119414A57A82D2D755141B2842BBCB9911941BC59C7B92875514162C46010A99119413AD30B6729755141AD598392B49119410189555D2B755141C08470684491194162CD9CFF2F755141C08470684491194162CD9CFF2F755141');
INSERT INTO "sample_epaswmm"."subcatchment" VALUES ('30067', '10067', '41', '0.282427', '90.0000', '55.6800', '2.8008', '50.7200', '', '0.0130', '0.0250', '4.4371', '0.0000', '0.0000', 'IMPERVIOUS', '100.0000', null, null, null, null, null, null, null, null, '83.0000', '0.0000', '10.0000', 'sector_01', '0106000020E76400000100000001030000000100000008000000879D7C5E71921941A42F0D104B755141F42F7AE4379219416FCB6C89457551419F7D3C97779119413809DFE54275514133F191736691194153380195437551414B65F8F554911941223850F4467551416D93FDF3EB911941E6034B1355755141879D7C5E71921941A42F0D104B755141879D7C5E71921941A42F0D104B755141');
INSERT INTO "sample_epaswmm"."subcatchment" VALUES ('30068', '10068', '41', '0.479874', '90.0000', '74.3600', '5.2404', '64.5300', '', '0.0130', '0.0250', '3.2642', '0.0000', '0.0000', 'IMPERVIOUS', '100.0000', null, null, null, null, null, null, null, null, '80.8677', '0.0000', '10.0000', 'sector_01', '0106000020E764000001000000010300000001000000090000002CDC2324349319411A9DA16554755141261AE3764D9319418BB3DFBE547551411875D2E29493194178F463545275514130AF8CE2A2931941883DCAF94C75514115A2EE521C931941B738528A3C755141F42F7AE4379219416FCB6C8945755141879D7C5E71921941A42F0D104B7551412CDC2324349319411A9DA165547551412CDC2324349319411A9DA16554755141');
INSERT INTO "sample_epaswmm"."subcatchment" VALUES ('30069', '10069', '41', '0.388793', '90.0000', '77.3300', '5.7805', '50.2800', '', '0.0130', '0.0250', '3.1110', '0.0000', '0.0000', 'IMPERVIOUS', '100.0000', null, null, null, null, null, null, null, null, '83.0000', '0.0000', '10.0000', 'sector_01', '0106000020E7640000010000000103000000010000000900000033CB5D48229119414E60D5444A7551411B8D1B31ED901941A25BACC053755141F5FA212475911941C49DE67160755141A43F63E4CA91194181E888975E7551412131196BFC91194174B4DF59587551416D93FDF3EB911941E6034B13557551414B65F8F554911941223850F44675514133CB5D48229119414E60D5444A75514133CB5D48229119414E60D5444A755141');
INSERT INTO "sample_epaswmm"."subcatchment" VALUES ('30070', '10070', '41', '0.200705', '90.0000', '45.2600', '4.6240', '44.3400', '', '0.0130', '0.0250', '3.4706', '0.0000', '0.0000', 'IMPERVIOUS', '100.0000', null, null, null, null, null, null, null, null, '83.0000', '0.0000', '10.0000', 'sector_01', '0106000020E76400000100000001030000000100000008000000DBE54CB487901941884331905E7551418FD39679039119414D6ABCD463755141647484A66C911941D708312561755141F5FA212475911941C49DE671607551411B8D1B31ED901941A25BACC053755141529A189FD59019411B3B376A54755141DBE54CB487901941884331905E755141DBE54CB487901941884331905E755141');
INSERT INTO "sample_epaswmm"."subcatchment" VALUES ('30071', '10071', '41', '0.340331', '90.0000', '75.0300', '5.4666', '45.3600', '', '0.0130', '0.0250', '3.1973', '0.0000', '0.0000', 'IMPERVIOUS', '100.0000', null, null, null, null, null, null, null, null, '75.7009', '0.0000', '10.0000', 'sector_01', '0106000020E764000001000000010300000001000000090000002131196BFC91194174B4DF5958755141A43F63E4CA91194181E888975E755141FE96D5D22C92194139E45D366375514198C7D3D9D092194129CCA323617551415E9BAC1742931941CA7F7A1057755141261AE3764D9319418BB3DFBE547551412CDC2324349319411A9DA165547551412131196BFC91194174B4DF59587551412131196BFC91194174B4DF5958755141');
INSERT INTO "sample_epaswmm"."subcatchment" VALUES ('30072', '10072', '41', '0.214087', '90.0000', '59.4400', '4.6356', '36.0200', '', '0.0130', '0.0250', '3.4663', '0.0000', '0.0000', 'IMPERVIOUS', '100.0000', null, null, null, null, null, null, null, null, '78.5724', '0.0000', '10.0000', 'sector_01', '0106000020E76400000100000001030000000100000006000000879D7C5E71921941A42F0D104B7551416D93FDF3EB911941E6034B13557551412131196BFC91194174B4DF59587551412CDC2324349319411A9DA16554755141879D7C5E71921941A42F0D104B755141879D7C5E71921941A42F0D104B755141');
INSERT INTO "sample_epaswmm"."subcatchment" VALUES ('30073', '10073', '41', '0.497497', '90.0000', '99.6800', '5.6039', '49.9100', '', '0.0130', '0.0250', '3.1587', '0.0000', '0.0000', 'IMPERVIOUS', '100.0000', null, null, null, null, null, null, null, null, '83.0000', '0.0000', '10.0000', 'sector_01', '0106000020E76400000100000001030000000100000009000000977FA608A692194169E3842A32755141C1D8A8759C911941562F33253D7551419F7D3C97779119413809DFE542755141F42F7AE4379219416FCB6C894575514115A2EE521C931941B738528A3C755141800298502693194109599A8F327551418B34146ADD921941A5C91B9C31755141977FA608A692194169E3842A32755141977FA608A692194169E3842A32755141');
INSERT INTO "sample_epaswmm"."subcatchment" VALUES ('30074', '10074', '41', '0.210345', '90.0000', '55.3800', '6.3309', '37.9800', '', '0.0130', '0.0250', '2.9754', '0.0000', '0.0000', 'IMPERVIOUS', '100.0000', null, null, null, null, null, null, null, null, '83.0000', '0.0000', '10.0000', 'sector_01', '0106000020E76400000100000001030000000100000006000000CD505A09EA9119414A57A82D2D7551410CCD264489911941847A608C36755141C1D8A8759C911941562F33253D755141977FA608A692194169E3842A32755141CD505A09EA9119414A57A82D2D755141CD505A09EA9119414A57A82D2D755141');
INSERT INTO "sample_epaswmm"."subcatchment" VALUES ('30075', '10075', '41', '0.158723', '90.0000', '37.6800', '7.6695', '42.1200', '', '0.0130', '0.0250', '2.7085', '0.0000', '0.0000', 'IMPERVIOUS', '100.0000', null, null, null, null, null, null, null, null, '74.9960', '0.0000', '10.0000', 'sector_01', '0106000020E76400000100000001030000000100000008000000C809886C5D9319419DCDEA6318755141262E0DBBA99319414201051C20755141E9F8B7204B94194110E6BCAD18755141B80609D9C9931941FE7D534A12755141F1E448C7A1931941A4154AA615755141B927F58B7D931941702E9D1917755141C809886C5D9319419DCDEA6318755141C809886C5D9319419DCDEA6318755141');
INSERT INTO "sample_epaswmm"."subcatchment" VALUES ('30076', '10076', '41', '0.204544', '90.0000', '49.9600', '5.6915', '40.9400', '', '0.0130', '0.0250', '3.1348', '0.0000', '0.0000', 'IMPERVIOUS', '100.0000', null, null, null, null, null, null, null, null, '85.4406', '0.0000', '10.0000', 'sector_01', '0106000020E76400000100000001030000000100000007000000B2842BBCB9911941BC59C7B928755141CD505A09EA9119414A57A82D2D755141977FA608A692194169E3842A327551418B34146ADD921941A5C91B9C31755141698CA5C8429219417F98632923755141B2842BBCB9911941BC59C7B928755141B2842BBCB9911941BC59C7B928755141');
INSERT INTO "sample_epaswmm"."subcatchment" VALUES ('30077', '10077', '41', '0.315027', '90.0000', '80.0600', '4.5152', '39.3500', '', '0.0130', '0.0250', '3.5114', '0.0000', '0.0000', 'IMPERVIOUS', '100.0000', null, null, null, null, null, null, null, null, '84.1961', '0.0000', '10.0000', 'sector_01', '0106000020E7640000010000000103000000010000000A000000698CA5C8429219417F986329237551418B34146ADD921941A5C91B9C31755141800298502693194109599A8F32755141ABC092817E931941FBE2E0902E755141C2A8E580CD921941FE8DC82B1E755141E65B0608949219418218BE7A2075514120488F9D6F921941A01588F1217551414E80E12B6B9219415EC1A08521755141698CA5C8429219417F98632923755141698CA5C8429219417F98632923755141');
INSERT INTO "sample_epaswmm"."subcatchment" VALUES ('30078', '10078', '41', '0.248021', '75.0000', '58.9400', '7.7963', '42.0800', '', '0.0130', '0.0250', '2.6868', '0.0000', '0.0000', 'IMPERVIOUS', '100.0000', null, null, null, null, null, null, null, null, '77.5642', '0.0000', '10.0000', 'sector_01', '0106000020E76400000100000001030000000100000007000000262E0DBBA99319414201051C20755141C809886C5D9319419DCDEA6318755141C2A8E580CD921941FE8DC82B1E755141ABC092817E931941FBE2E0902E755141B77F8AE9889319412FFA5C582E755141262E0DBBA99319414201051C20755141262E0DBBA99319414201051C20755141');
INSERT INTO "sample_epaswmm"."subcatchment" VALUES ('30079', '10079', '41', '0.433624', '90.0000', '95.7000', '4.8780', '45.3100', '', '0.0130', '0.0250', '3.3808', '0.0000', '0.0000', 'IMPERVIOUS', '100.0000', null, null, null, null, null, null, null, null, '83.0000', '0.0000', '10.0000', 'sector_01', '0106000020E764000001000000010300000001000000080000007AD85B8B0F951941261355E318755141E9F8B7204B94194110E6BCAD18755141262E0DBBA99319414201051C20755141B77F8AE9889319412FFA5C582E755141492A690492931941EB46666E2E7551410E12E5D519951941438442CB1D7551417AD85B8B0F951941261355E3187551417AD85B8B0F951941261355E318755141');
INSERT INTO "sample_epaswmm"."subcatchment" VALUES ('30080', '10080', '41', '0.491906', '90.0000', '104.9300', '5.8053', '46.8800', '', '0.0130', '0.0250', '3.1045', '0.0000', '0.0000', 'IMPERVIOUS', '100.0000', null, null, null, null, null, null, null, null, '83.0000', '0.0000', '10.0000', 'sector_01', '0106000020E76400000100000001030000000100000009000000448DB62A3B94194174E6CC21337551416FC51B655F951941DD41C81E2C755141F4FB4E63609519416F5529D32B7551417132377E44951941C4BEA42F227551410E12E5D519951941438442CB1D755141492A690492931941EB46666E2E7551415F54666708941941EAEDC2CF32755141448DB62A3B94194174E6CC2133755141448DB62A3B94194174E6CC2133755141');
INSERT INTO "sample_epaswmm"."subcatchment" VALUES ('30081', '10081', '41', '0.214471', '90.0000', '57.6200', '6.2913', '37.2200', '', '0.0130', '0.0250', '2.9846', '0.0000', '0.0000', 'IMPERVIOUS', '100.0000', null, null, null, null, null, null, null, null, '83.0000', '0.0000', '10.0000', 'sector_01', '0106000020E764000001000000010300000001000000070000006FC51B655F951941DD41C81E2C755141448DB62A3B94194174E6CC213375514116643CC3C6941941A07E48713A755141F75DDB8157951941EBDE0697337551415A19E81B6F951941B92F7EE42F7551416FC51B655F951941DD41C81E2C7551416FC51B655F951941DD41C81E2C755141');
INSERT INTO "sample_epaswmm"."subcatchment" VALUES ('30082', '10082', '41', '0.564237', '90.0000', '95.2000', '7.9965', '59.2700', '', '0.0130', '0.0250', '2.6537', '0.0000', '0.0000', 'IMPERVIOUS', '100.0000', null, null, null, null, null, null, null, null, '83.0000', '0.0000', '10.0000', 'sector_01', '0106000020E7640000010000000103000000010000000B0000005F54666708941941EAEDC2CF32755141492A690492931941EB46666E2E755141B77F8AE9889319412FFA5C582E755141ABC092817E931941FBE2E0902E755141800298502693194109599A8F3275514115A2EE521C931941B738528A3C75514130AF8CE2A2931941883DCAF94C755141C9A542F0EB93194144A50C3A49755141B6A11DDA31941941E1C0A0033F7551415F54666708941941EAEDC2CF327551415F54666708941941EAEDC2CF32755141');
INSERT INTO "sample_epaswmm"."subcatchment" VALUES ('30083', '10083', '41', '0.311324', '90.0000', '78.0500', '7.6874', '39.8900', '', '0.0130', '0.0250', '2.7054', '0.0000', '0.0000', 'IMPERVIOUS', '100.0000', null, null, null, null, null, null, null, null, '83.0000', '0.0000', '10.0000', 'sector_01', '0106000020E7640000010000000103000000010000000800000099D8FFD9CC9319410A44B3CE5475514147008DC37994194185C038C95B755141260F1CC711951941D69793EA59755141C5783C9970951941E5BDC02C517551415CA09C9F629519416C5FA4864E755141B9B1C63AC39319413555E3145475514199D8FFD9CC9319410A44B3CE5475514199D8FFD9CC9319410A44B3CE54755141');
INSERT INTO "sample_epaswmm"."subcatchment" VALUES ('30084', '10084', '41', '0.438060', '90.0000', '109.6200', '5.2487', '39.9600', '', '0.0130', '0.0250', '3.2617', '0.0000', '0.0000', 'IMPERVIOUS', '100.0000', null, null, null, null, null, null, null, null, '83.0000', '0.0000', '10.0000', 'sector_01', '0106000020E7640000010000000103000000010000000A000000B9B1C63AC39319413555E314547551415CA09C9F629519416C5FA4864E75514126F85834689519413D31BF9D497551416EC6A5ED5D9519411EE0E69647755141EA9243F9149519412DAC6F6645755141C9A542F0EB93194144A50C3A4975514130AF8CE2A2931941883DCAF94C7551411875D2E29493194178F4635452755141B9B1C63AC39319413555E31454755141B9B1C63AC39319413555E31454755141');
INSERT INTO "sample_epaswmm"."subcatchment" VALUES ('30085', '10085', '41', '0.181098', '90.0000', '54.9600', '6.3745', '32.9500', '', '0.0130', '0.0250', '2.9654', '0.0000', '0.0000', 'IMPERVIOUS', '100.0000', null, null, null, null, null, null, null, null, '83.0000', '0.0000', '10.0000', 'sector_01', '0106000020E76400000100000001030000000100000006000000346FF5A5D39419414FA85ECB3F755141B6A11DDA31941941E1C0A0033F755141C9A542F0EB93194144A50C3A49755141EA9243F9149519412DAC6F6645755141346FF5A5D39419414FA85ECB3F755141346FF5A5D39419414FA85ECB3F755141');
INSERT INTO "sample_epaswmm"."subcatchment" VALUES ('30086', '10086', '41', '0.159440', '90.0000', '39.7600', '2.6630', '40.1000', '', '0.0130', '0.0250', '4.5481', '0.0000', '0.0000', 'IMPERVIOUS', '100.0000', null, null, null, null, null, null, null, null, '83.0000', '0.0000', '10.0000', 'sector_01', '0106000020E7640000010000000103000000010000000700000016643CC3C6941941A07E48713A755141448DB62A3B94194174E6CC21337551415F54666708941941EAEDC2CF32755141B6A11DDA31941941E1C0A0033F755141346FF5A5D39419414FA85ECB3F75514116643CC3C6941941A07E48713A75514116643CC3C6941941A07E48713A755141');
INSERT INTO "sample_epaswmm"."subcatchment" VALUES ('30087', '10087', '41', '0.199993', '90.0000', '54.6400', '7.2836', '36.6000', '', '0.0130', '0.0250', '2.7779', '0.0000', '0.0000', 'IMPERVIOUS', '100.0000', null, null, null, null, null, null, null, null, '83.0000', '0.0000', '10.0000', 'sector_01', '0106000020E76400000100000001030000000100000008000000EA9243F9149519412DAC6F66457551416EC6A5ED5D9519411EE0E696477551416025886B65951941731590B546755141F75DDB8157951941EBDE06973375514116643CC3C6941941A07E48713A755141346FF5A5D39419414FA85ECB3F755141EA9243F9149519412DAC6F6645755141EA9243F9149519412DAC6F6645755141');
INSERT INTO "sample_epaswmm"."subcatchment" VALUES ('30088', '10088', '41', '0.245666', '90.0000', '61.6800', '4.1484', '39.8300', '', '0.0130', '0.0250', '3.6602', '0.0000', '0.0000', 'IMPERVIOUS', '100.0000', null, null, null, null, null, null, null, null, '83.0000', '0.0000', '10.0000', 'sector_01', '0106000020E764000001000000010300000001000000080000002AAED102E1951941D0F8925035755141C68DC033E8951941FD7D6C323F75514138C8705EF8961941EE6BA89E3E755141D662AFADEA9619410444850C3A755141808A4B52B8961941CDEE660D36755141FA0FC76581961941524DE7B7347551412AAED102E1951941D0F89250357551412AAED102E1951941D0F8925035755141');
INSERT INTO "sample_epaswmm"."subcatchment" VALUES ('30089', '10089', '41', '0.225026', '90.0000', '66.7300', '6.1220', '33.7200', '', '0.0130', '0.0250', '3.0247', '0.0000', '0.0000', 'OUTLET', '100.0000', null, null, null, null, null, null, null, null, '83.0000', '0.0000', '10.0000', 'sector_01', '0106000020E76400000100000001030000000100000007000000C68DC033E8951941FD7D6C323F7551412AAED102E1951941D0F89250357551415A19E81B6F951941B92F7EE42F755141F75DDB8157951941EBDE0697337551416025886B65951941731590B546755141C68DC033E8951941FD7D6C323F755141C68DC033E8951941FD7D6C323F755141');
INSERT INTO "sample_epaswmm"."subcatchment" VALUES ('30090', '10090', '41', '0.262195', '75.0000', '65.0000', '5.6169', '40.3400', '', '0.0130', '0.0250', '3.1551', '0.0000', '0.0000', 'IMPERVIOUS', '100.0000', null, null, null, null, null, null, null, null, '79.267', '0.0000', '10.0000', 'sector_01', '0106000020E7640000010000000103000000010000000A000000B80609D9C9931941FE7D534A12755141E9F8B7204B94194110E6BCAD187551417AD85B8B0F951941261355E318755141D31C25FE13951941EB37322D1875514165C5B4CB16951941EFF5AF6215755141C0D349BC2E9419419D64FAAB0A755141D8319504EC931941F6E70F1D107551414ED8A706D793194125437F2F11755141B80609D9C9931941FE7D534A12755141B80609D9C9931941FE7D534A12755141');
INSERT INTO "sample_epaswmm"."subcatchment" VALUES ('30091', '10091', '41', '0.264232', '75.0000', '66.3900', '5.4325', '39.8000', '', '0.0130', '0.0250', '3.2071', '0.0000', '0.0000', 'IMPERVIOUS', '100.0000', null, null, null, null, null, null, null, null, '79.4252', '0.0000', '10.0000', 'sector_01', '0106000020E76400000100000001030000000100000007000000880CA4104D95194162B2D5CA0B755141370F21CC9094194170776AAC02755141C0D349BC2E9419419D64FAAB0A75514165C5B4CB16951941EFF5AF6215755141140812F54E951941D7087FE00C755141880CA4104D95194162B2D5CA0B755141880CA4104D95194162B2D5CA0B755141');
INSERT INTO "sample_epaswmm"."subcatchment" VALUES ('30092', '10092', '41', '0.289867', '75.0000', '48.0900', '5.6111', '60.2700', '', '0.0130', '0.0250', '3.1567', '0.0000', '0.0000', 'IMPERVIOUS', '100.0000', null, null, null, null, null, null, null, null, '78.7169', '0.0000', '10.0000', 'sector_01', '0106000020E76400000100000001030000000100000006000000370F21CC9094194170776AAC02755141880CA4104D95194162B2D5CA0B75514108340CE17C9519419ED06E1802755141EC12BF194E95194107F9B43BF3745141370F21CC9094194170776AAC02755141370F21CC9094194170776AAC02755141');
INSERT INTO "sample_epaswmm"."subcatchment" VALUES ('30093', '10093', '41', '0.199958', '90.0000', '51.0200', '3.1470', '39.1900', '', '0.0130', '0.0250', '4.1908', '0.0000', '0.0000', 'IMPERVIOUS', '100.0000', null, null, null, null, null, null, null, null, '83.0000', '0.0000', '10.0000', 'sector_01', '0106000020E764000001000000010300000001000000080000007841B2EF2F9619419D570C432B755141F4FB4E63609519416F5529D32B7551416FC51B655F951941DD41C81E2C7551415A19E81B6F951941B92F7EE42F7551412AAED102E1951941D0F8925035755141FA0FC76581961941524DE7B7347551417841B2EF2F9619419D570C432B7551417841B2EF2F9619419D570C432B755141');
INSERT INTO "sample_epaswmm"."subcatchment" VALUES ('30094', '10094', '41', '0.407746', '90.0000', '64.5300', '5.3732', '63.1900', '', '0.0130', '0.0250', '3.2244', '0.0000', '0.0000', 'IMPERVIOUS', '100.0000', null, null, null, null, null, null, null, null, '83.6638', '0.0000', '10.0000', 'sector_01', '0106000020E76400000100000001030000000100000019000000EC12BF194E95194107F9B43BF374514108340CE17C9519419ED06E1802755141055310EE3D961941BADE0894017551419713C3B381961941D5645057F9745141E6EEB02BCD95194107E6B736EF745141E9E561C9C795194132CD5721EF745141CC67794DC29519411547E510EF745141CBC22EC1BC951941527A9105EF745141AEF9AC2BB7951941B3665CFFEE7451413E101F94B19519419CD066FEEE7451413D2DB602AC9519412DF38F02EF745141E8529D7EA6951941DF6BC70BEF7451413722ED0B9E95194165729225EF745141D6D7D6B2959519417289B548EF745141B4E6C2848D9519419689FF74EF745141CF750D918595194127C2FDA9EF74514122D0010F81951941790883CDEF74514194A5AEAB7C951941201BD5F5EF745141D3404B70789519419770B222F07451412C7EFC6274951941BFE1E953F0745141E038E78970951941D7822989F0745141BC4C30EB6C95194173CA2FC2F0745141FE93FC8C699519412F088AFEF0745141EC12BF194E95194107F9B43BF3745141EC12BF194E95194107F9B43BF3745141');
INSERT INTO "sample_epaswmm"."subcatchment" VALUES ('30095', '10095', '41', '0.207788', '90.0000', '49.2400', '6.9865', '42.2000', '', '0.0130', '0.0250', '2.8352', '0.0000', '0.0000', 'IMPERVIOUS', '100.0000', null, null, null, null, null, null, null, null, '83.0000', '0.0000', '10.0000', 'sector_01', '0106000020E764000001000000010300000001000000080000009713C3B381961941D5645057F9745141055310EE3D961941BADE089401755141DE3DCB457B961941CACE49FC0B755141D41EB30B9196194136EC7FC00C75514138E89E880A9719417EBEB0EA00755141ED0F9892B8961941A4944D6BFC7451419713C3B381961941D5645057F97451419713C3B381961941D5645057F9745141');
INSERT INTO "sample_epaswmm"."subcatchment" VALUES ('30096', '10096', '41', '0.265398', '90.0000', '62.3700', '5.6536', '42.5500', '', '0.0130', '0.0250', '3.1450', '0.0000', '0.0000', 'IMPERVIOUS', '100.0000', null, null, null, null, null, null, null, null, '83.0000', '0.0000', '10.0000', 'sector_01', '0106000020E76400000100000001030000000100000007000000140812F54E951941D7087FE00C755141DE3DCB457B961941CACE49FC0B755141055310EE3D961941BADE08940175514108340CE17C9519419ED06E1802755141880CA4104D95194162B2D5CA0B755141140812F54E951941D7087FE00C755141140812F54E951941D7087FE00C755141');
INSERT INTO "sample_epaswmm"."subcatchment" VALUES ('30097', '10097', '41', '0.450753', '90.0000', '100.3200', '6.9473', '44.9300', '', '0.0130', '0.0250', '2.8430', '0.0000', '0.0000', 'IMPERVIOUS', '100.0000', null, null, null, null, null, null, null, null, '83.0000', '0.0000', '10.0000', 'sector_01', '0106000020E76400000100000001030000000100000009000000140812F54E951941D7087FE00C75514165C5B4CB16951941EFF5AF6215755141D31C25FE13951941EB37322D1875514130EFA480E19619418DDCC10F17755141A4648063DA961941D1B7364014755141D41EB30B9196194136EC7FC00C755141DE3DCB457B961941CACE49FC0B755141140812F54E951941D7087FE00C755141140812F54E951941D7087FE00C755141');
INSERT INTO "sample_epaswmm"."subcatchment" VALUES ('30098', '10098', '41', '0.479067', '90.0000', '119.2600', '7.0426', '40.1700', '', '0.0130', '0.0250', '2.8241', '0.0000', '0.0000', 'IMPERVIOUS', '100.0000', null, null, null, null, null, null, null, null, '83.0000', '0.0000', '10.0000', 'sector_01', '0106000020E7640000010000000103000000010000000A000000C120341BE296194194A6D5E520755141769A37481C9719418ACBE1821D75514130EFA480E19619418DDCC10F17755141D31C25FE13951941EB37322D187551417AD85B8B0F951941261355E3187551410E12E5D519951941438442CB1D7551417132377E44951941C4BEA42F2275514195BA23BFDF961941C317DAF420755141C120341BE296194194A6D5E520755141C120341BE296194194A6D5E520755141');
INSERT INTO "sample_epaswmm"."subcatchment" VALUES ('30099', '10099', '41', '0.301908', '90.0000', '77.8100', '5.3541', '38.8000', '', '0.0130', '0.0250', '3.2301', '0.0000', '0.0000', 'IMPERVIOUS', '100.0000', null, null, null, null, null, null, null, null, '83.0000', '0.0000', '10.0000', 'sector_01', '0106000020E7640000010000000103000000010000000600000095BA23BFDF961941C317DAF4207551417132377E44951941C4BEA42F22755141F4FB4E63609519416F5529D32B7551417841B2EF2F9619419D570C432B75514195BA23BFDF961941C317DAF42075514195BA23BFDF961941C317DAF420755141');
INSERT INTO "sample_epaswmm"."subcatchment" VALUES ('30100', '10100', '41', '0.231212', '90.0000', '58.0100', '5.4836', '39.8600', '', '0.0130', '0.0250', '3.1924', '0.0000', '0.0000', 'IMPERVIOUS', '100.0000', null, null, null, null, null, null, null, null, '83.0000', '0.0000', '10.0000', 'sector_01', '0106000020E7640000010000000103000000010000000600000038E89E880A9719417EBEB0EA00755141D41EB30B9196194136EC7FC00C755141A4648063DA961941D1B73640147551411FB694008C971941F78B76050875514138E89E880A9719417EBEB0EA0075514138E89E880A9719417EBEB0EA00755141');
INSERT INTO "sample_epaswmm"."subcatchment" VALUES ('30101', '10101', '41', '0.400510', '90.0000', '100.6100', '5.9577', '39.8100', '', '0.0130', '0.0250', '3.0653', '0.0000', '0.0000', 'IMPERVIOUS', '100.0000', null, null, null, null, null, null, null, null, '83.0000', '0.0000', '10.0000', 'sector_01', '0106000020E76400000100000001030000000100000009000000C68DC033E8951941FD7D6C323F7551416025886B65951941731590B5467551416EC6A5ED5D9519411EE0E6964775514126F85834689519413D31BF9D49755141B83E3A70449719416EBF054548755141E6121284369719415C6045DC4475514138C8705EF8961941EE6BA89E3E755141C68DC033E8951941FD7D6C323F755141C68DC033E8951941FD7D6C323F755141');
INSERT INTO "sample_epaswmm"."subcatchment" VALUES ('30102', '10102', '41', '0.461790', '90.0000', '94.8600', '7.4533', '48.6800', '', '0.0130', '0.0250', '2.7467', '0.0000', '0.0000', 'IMPERVIOUS', '100.0000', null, null, null, null, null, null, null, null, '83.0000', '0.0000', '10.0000', 'sector_01', '0106000020E7640000010000000103000000010000000A000000EA0A144E449619416BCBAD80557551416F8A7AE8F79619415C455AA550755141AEF0DFE852971941FF409FCD49755141B83E3A70449719416EBF05454875514126F85834689519413D31BF9D497551415CA09C9F629519416C5FA4864E755141C5783C9970951941E5BDC02C51755141720406AC9B951941F542BD4853755141EA0A144E449619416BCBAD8055755141EA0A144E449619416BCBAD8055755141');
INSERT INTO "sample_epaswmm"."subcatchment" VALUES ('30104', '10104', '41', '0.284283', '75.0000', '65.1900', '8.3727', '43.6100', '', '0.0130', '0.0250', '2.5945', '0.0000', '0.0000', 'IMPERVIOUS', '100.0000', null, null, null, null, null, null, null, null, '80.6849', '0.0000', '10.0000', 'sector_01', '0106000020E7640000010000000103000000010000000800000060B8350F9895194199C776EB6B7551415C1BCAACEC96194155FC795D68755141F87D0F5106971941B6C5634B677551411442B553E29619410E52D4C262755141BFBB6E0E4F961941B88215745E755141283F298CCF9519419977B4636375514160B8350F9895194199C776EB6B75514160B8350F9895194199C776EB6B755141');
INSERT INTO "sample_epaswmm"."subcatchment" VALUES ('30105', '10105', '41', '0.307728', '90.0000', '72.9400', '5.7999', '42.1900', '', '0.0130', '0.0250', '3.1059', '0.0000', '0.0000', 'IMPERVIOUS', '100.0000', null, null, null, null, null, null, null, null, '81.6253', '0.0000', '10.0000', 'sector_01', '0106000020E764000001000000010300000001000000070000005C1BCAACEC96194155FC795D6875514160B8350F9895194199C776EB6B7551415C0BCED25C9519414805803F6F7551412E99436AE39519416B5BA538747551414B1D4EAAA49619412D301A51747551415C1BCAACEC96194155FC795D687551415C1BCAACEC96194155FC795D68755141');
INSERT INTO "sample_epaswmm"."subcatchment" VALUES ('30106', '10106', '41', '0.329928', '90.0000', '82.5900', '4.8459', '39.9500', '', '0.0130', '0.0250', '3.3918', '0.0000', '0.0000', 'IMPERVIOUS', '100.0000', null, null, null, null, null, null, null, null, '83.0000', '0.0000', '10.0000', 'sector_01', '0106000020E764000001000000010300000001000000080000000160CF3FF9981941CFA8BB3E51755141BCAEE13B75991941F0E22F024A7551418AB8FA6080991941FEA02A703D75514108BDC28B759919419EB0E70B3D75514113405CD822981941C13ACA684F7551411C1283B33E981941AD1E5405517551410160CF3FF9981941CFA8BB3E517551410160CF3FF9981941CFA8BB3E51755141');
INSERT INTO "sample_epaswmm"."subcatchment" VALUES ('30107', '10107', '41', '0.475570', '90.0000', '118.1500', '8.6827', '40.2500', '', '0.0130', '0.0250', '2.5487', '0.0000', '0.0000', 'IMPERVIOUS', '100.0000', null, null, null, null, null, null, null, null, '83.0000', '0.0000', '10.0000', 'sector_01', '0106000020E76400000100000001030000000100000008000000306B2878AE97194196A69F6C4C75514113405CD822981941C13ACA684F75514108BDC28B759919419EB0E70B3D75514133D49A561F991941FBDBFEDD367551411C5020F8E99819412AC227FD34755141B47A54D1A497194194C9EDED4B755141306B2878AE97194196A69F6C4C755141306B2878AE97194196A69F6C4C755141');
INSERT INTO "sample_epaswmm"."subcatchment" VALUES ('30108', '10108', '41', '0.508687', '90.0000', '128.6200', '7.3511', '39.5500', '', '0.0130', '0.0250', '2.7654', '0.0000', '0.0000', 'IMPERVIOUS', '100.0000', null, null, null, null, null, null, null, null, '81.2677', '0.0000', '10.0000', 'sector_01', '0106000020E76400000100000001030000000100000009000000E6121284369719415C6045DC44755141B83E3A70449719416EBF054548755141AEF0DFE852971941FF409FCD49755141B47A54D1A497194194C9EDED4B7551411C5020F8E99819412AC227FD347551413645F927AA9819411423466A30755141402C27656F981941E5A2395A2E755141E6121284369719415C6045DC44755141E6121284369719415C6045DC44755141');
INSERT INTO "sample_epaswmm"."subcatchment" VALUES ('30109', '10109', '41', '0.480734', '90.0000', '114.0000', '5.4519', '42.1700', '', '0.0130', '0.0250', '3.2015', '0.0000', '0.0000', 'IMPERVIOUS', '100.0000', null, null, null, null, null, null, null, null, '79.4333', '0.0000', '10.0000', 'sector_01', '0106000020E7640000010000000103000000010000000800000038C8705EF8961941EE6BA89E3E755141E6121284369719415C6045DC44755141402C27656F981941E5A2395A2E75514129528D9B2E981941988AB5B42975514127B2040EEF971941A3F3AD7827755141D662AFADEA9619410444850C3A75514138C8705EF8961941EE6BA89E3E75514138C8705EF8961941EE6BA89E3E755141');
INSERT INTO "sample_epaswmm"."subcatchment" VALUES ('30110', '10110', '41', '0.482741', '90.0000', '114.8000', '5.0689', '42.0500', '', '0.0130', '0.0250', '3.3179', '0.0000', '0.0000', 'IMPERVIOUS', '100.0000', null, null, null, null, null, null, null, null, '82.9110', '0.0000', '10.0000', 'sector_01', '0106000020E76400000100000001030000000100000009000000D662AFADEA9619410444850C3A75514127B2040EEF971941A3F3AD782775514163D326D9B6971941CD97151523755141CC221D292E971941E334F9CA1D755141769A37481C9719418ACBE1821D755141C120341BE296194194A6D5E520755141808A4B52B8961941CDEE660D36755141D662AFADEA9619410444850C3A755141D662AFADEA9619410444850C3A755141');
INSERT INTO "sample_epaswmm"."subcatchment" VALUES ('30111', '10111', '41', '0.287251', '90.0000', '61.0300', '11.5859', '47.0700', '', '0.0130', '0.0250', '2.2128', '0.0000', '0.0000', 'OUTLET', '100.0000', null, null, null, null, null, null, null, null, '83.0000', '0.0000', '10.0000', 'sector_01', '0106000020E7640000010000000103000000010000000B00000040848B6C8D9119417B7A98609C75514174CE9035729119418CEA0FF19B7551416208592470911941C9AF370F9C755141839BD9A73491194130CF1461AD75514131A0EE7D4691194100B874B2AD755141CD1C1AAF5B911941186B5700AE75514199E6F9EEE19119419386EDF0B075514119059714F7911941303C929DAF755141BFC0C76D27921941D77AB9D4AA75514140848B6C8D9119417B7A98609C75514140848B6C8D9119417B7A98609C755141');
INSERT INTO "sample_epaswmm"."subcatchment" VALUES ('30112', '10112', '41', '0.193824', '90.0000', '48.6900', '6.1221', '39.8100', '', '0.0130', '0.0250', '3.0247', '0.0000', '0.0000', 'IMPERVIOUS', '100.0000', null, null, null, null, null, null, null, null, '83.0000', '0.0000', '10.0000', 'sector_01', '0106000020E76400000100000001030000000100000008000000963EADEEA492194122197F91A47551413C0FBEB97792194104195B53A0755141107F64ADD2911941F6AACBF09B75514140848B6C8D9119417B7A98609C755141BFC0C76D27921941D77AB9D4AA755141F7C6719536921941FE00CB54A9755141963EADEEA492194122197F91A4755141963EADEEA492194122197F91A4755141');
INSERT INTO "sample_epaswmm"."subcatchment" VALUES ('30113', '10113', '41', '0.093449', '90.0000', '23.8700', '13.4757', '39.7200', '', '0.0130', '0.0250', '2.0549', '0.0000', '0.0000', 'IMPERVIOUS', '100.0000', null, null, null, null, null, null, null, null, '84.0924', '0.0000', '10.0000', 'sector_01', '0106000020E764000001000000010300000001000000070000003C0FBEB97792194104195B53A0755141963EADEEA492194122197F91A475514174517EC7BD9219414640F37EA37551414E82FF052993194113D78AEC9E75514167949A8EEE9219416958D36F997551413C0FBEB97792194104195B53A07551413C0FBEB97792194104195B53A0755141');
INSERT INTO "sample_epaswmm"."subcatchment" VALUES ('30114', '10114', '41', '0.198306', '65.0000', '49.5800', '11.3285', '40.0000', '', '0.0130', '0.0250', '2.2373', '0.0000', '0.0000', 'IMPERVIOUS', '100.0000', null, null, null, null, null, null, null, null, '88.2759', '0.0000', '10.0000', 'sector_01', '0106000020E764000001000000010300000001000000080000006A56304D3C93194169DD22B18E7551414E4D0CFAE7921941909239EA8F7551415B011CEBE192194179E8BDC49075514167949A8EEE9219416958D36F997551414E82FF052993194113D78AEC9E7551413DC61436AD931941AA7EE949997551416A56304D3C93194169DD22B18E7551416A56304D3C93194169DD22B18E755141');
INSERT INTO "sample_epaswmm"."subcatchment" VALUES ('30115', '10115', '41', '0.130505', '90.0000', '32.6300', '6.9264', '40.0000', '', '0.0130', '0.0250', '2.8472', '0.0000', '0.0000', 'IMPERVIOUS', '100.0000', null, null, null, null, null, null, null, null, '83.0000', '0.0000', '10.0000', 'sector_01', '0106000020E764000001000000010300000001000000070000006CD62966319419416F2848A793755141C8F019F4159419419B93DF13917551418FEDCB0C4293194146159E658E7551416A56304D3C93194169DD22B18E7551413DC61436AD931941AA7EE949997551416CD62966319419416F2848A7937551416CD62966319419416F2848A793755141');
INSERT INTO "sample_epaswmm"."subcatchment" VALUES ('30116', '10116', '41', '0.111764', '90.0000', '28.0000', '10.0066', '39.9100', '', '0.0130', '0.0250', '2.3775', '0.0000', '0.0000', 'IMPERVIOUS', '100.0000', null, null, null, null, null, null, null, null, '83.0000', '0.0000', '10.0000', 'sector_01', '0106000020E764000001000000010300000001000000070000006690F0AFB5941941CCF30F078E7551416AEF2D26559419418EB1A1F784755141C8F019F4159419419B93DF13917551416CD62966319419416F2848A793755141C88F577EA294194159E606D58E7551416690F0AFB5941941CCF30F078E7551416690F0AFB5941941CCF30F078E755141');
INSERT INTO "sample_epaswmm"."subcatchment" VALUES ('30117', '10117', '41', '0.267865', '90.0000', '66.8700', '12.0249', '40.0600', '', '0.0130', '0.0250', '2.1728', '0.0000', '0.0000', 'IMPERVIOUS', '100.0000', null, null, null, null, null, null, null, null, '83.0000', '0.0000', '10.0000', 'sector_01', '0106000020E76400000100000001030000000100000008000000C6EB251F8A941941EF3CC5E577755141BAEE142371941941ED2EBB147A7551418A2BCD5C499419415E3424A4817551416AEF2D26559419418EB1A1F7847551416690F0AFB5941941CCF30F078E75514107E3DD913A9519410D981F7588755141C6EB251F8A941941EF3CC5E577755141C6EB251F8A941941EF3CC5E577755141');
INSERT INTO "sample_epaswmm"."subcatchment" VALUES ('30118', '10118', '41', '0.339122', '90.0000', '85.3800', '4.7181', '39.7200', '', '0.0130', '0.0250', '3.4365', '0.0000', '0.0000', 'IMPERVIOUS', '100.0000', null, null, null, null, null, null, null, null, '83.0000', '0.0000', '10.0000', 'sector_01', '0106000020E764000001000000010300000001000000090000008BFCF584BD951941AC3FBEB48275514151B0C9D60B951941CFC8C80772755141D371EE32C09419411187334073755141903128F99D941941C6EDA56B74755141C6EB251F8A941941EF3CC5E57775514107E3DD913A9519410D981F7588755141FCEF873869951941DDF98480867551418BFCF584BD951941AC3FBEB4827551418BFCF584BD951941AC3FBEB482755141');
INSERT INTO "sample_epaswmm"."subcatchment" VALUES ('30119', '10119', '41', '0.284529', '90.0000', '71.9800', '8.421', '39.5300', '', '0.0130', '0.0250', '2.5872', '0.0000', '0.0000', 'IMPERVIOUS', '100.0000', null, null, null, null, null, null, null, null, '83.0000', '0.0000', '10.0000', 'sector_01', '0106000020E764000001000000010300000001000000090000005C0BCED25C9519414805803F6F75514124B805B355951941CC4D575B6F75514151B0C9D60B951941CFC8C807727551418BFCF584BD951941AC3FBEB4827551414E302882CF95194168805EE581755141A8D87BCA419619418C3920147D7551412E99436AE39519416B5BA538747551415C0BCED25C9519414805803F6F7551415C0BCED25C9519414805803F6F755141');
INSERT INTO "sample_epaswmm"."subcatchment" VALUES ('30120', '10120', '41', '0.115603', '90.0000', '28.9000', '4.3079', '40.0000', '', '0.0130', '0.0250', '3.5932', '0.0000', '0.0000', 'IMPERVIOUS', '100.0000', null, null, null, null, null, null, null, null, '83.0000', '0.0000', '10.0000', 'sector_01', '0106000020E764000001000000010300000001000000060000004B1D4EAAA49619412D301A51747551412E99436AE39519416B5BA53874755141A8D87BCA419619418C3920147D75514163A17271C6961941FAF1A67C777551414B1D4EAAA49619412D301A51747551414B1D4EAAA49619412D301A5174755141');
INSERT INTO "sample_epaswmm"."subcatchment" VALUES ('30121', '10121', '41', '0.209377', '75.0000', '33.2000', '4.9386', '63.0700', '', '0.0130', '0.0250', '3.3605', '0.0000', '0.0000', 'IMPERVIOUS', '100.0000', null, null, null, null, null, null, null, null, '80.8411', '0.0000', '10.0000', 'sector_01', '0106000020E7640000010000000103000000010000000A0000003437000D9597194131FD9C1E6E755141B7C71522469719411A705E2168755141F87D0F5106971941B6C5634B677551415C1BCAACEC96194155FC795D687551414B1D4EAAA49619412D301A517475514163A17271C6961941FAF1A67C77755141F6C32938F4961941D22EAC8E7575514164B877473F9719413D4472CD727551413437000D9597194131FD9C1E6E7551413437000D9597194131FD9C1E6E755141');
INSERT INTO "sample_epaswmm"."subcatchment" VALUES ('30122', '10122', '41', '0.188566', '75.0000', '28.9600', '3.7039', '65.1100', '', '0.0130', '0.0250', '3.8692', '0.0000', '0.0000', 'IMPERVIOUS', '100.0000', null, null, null, null, null, null, null, null, '80.9119', '0.0000', '10.0000', 'sector_01', '0106000020E76400000100000001030000000100000007000000E824A2B32E9819415AD1447060755141DEEFA1258A9719413C0D3EBA62755141B7C71522469719411A705E21687551413437000D9597194131FD9C1E6E755141A3023D3359981941E8AD066963755141E824A2B32E9819415AD1447060755141E824A2B32E9819415AD1447060755141');
INSERT INTO "sample_epaswmm"."subcatchment" VALUES ('30123', '10123', '41', '0.130375', '90.0000', '32.7800', '2.0611', '39.7700', '', '0.0130', '0.0250', '5.1566', '0.0000', '0.0000', 'IMPERVIOUS', '100.0000', null, null, null, null, null, null, null, null, '83.0000', '0.0000', '10.0000', 'sector_01', '0106000020E76400000100000001030000000100000008000000F498709CEE9A19412158859B3775514178AC5269939A194109CDC11C3E755141FEE49905DB9A19414A72DF0C4475514167363EA0609B19416BC997763E7551412DE57C915A9B19419C8C5FD23D7551412154C9B8199B194125F6D8F139755141F498709CEE9A19412158859B37755141F498709CEE9A19412158859B37755141');
INSERT INTO "sample_epaswmm"."subcatchment" VALUES ('30124', '10124', '41', '0.238701', '90.0000', '55.5100', '9.3379', '43.0000', '', '0.0130', '0.0250', '2.4595', '0.0000', '0.0000', 'IMPERVIOUS', '100.0000', null, null, null, null, null, null, null, null, '83.0000', '0.0000', '10.0000', 'sector_01', '0106000020E76400000100000001030000000100000009000000BCAEE13B75991941F0E22F024A755141E0B5E8BABD9919418A11410B507551411E7F11D9C4991941FF61D3AE4F755141C93140C04A9A19413E5458154A755141AD5F03B7CD991941D3A996703E755141E3EC6EFCA7991941CA529A713D7551418AB8FA6080991941FEA02A703D755141BCAEE13B75991941F0E22F024A755141BCAEE13B75991941F0E22F024A755141');
INSERT INTO "sample_epaswmm"."subcatchment" VALUES ('30125', '10125', '41', '0.181577', '90.0000', '42.2800', '3.3237', '42.9400', '', '0.0130', '0.0250', '4.0801', '0.0000', '0.0000', 'IMPERVIOUS', '100.0000', null, null, null, null, null, null, null, null, '83.0000', '0.0000', '10.0000', 'sector_01', '0106000020E76400000100000001030000000100000006000000FEE49905DB9A19414A72DF0C4475514178AC5269939A194109CDC11C3E755141AD5F03B7CD991941D3A996703E755141C93140C04A9A19413E5458154A755141FEE49905DB9A19414A72DF0C44755141FEE49905DB9A19414A72DF0C44755141');
INSERT INTO "sample_epaswmm"."subcatchment" VALUES ('30126', '10126', '41', '0.309780', '90.0000', '77.0200', '5.5943', '40.2200', '', '0.0130', '0.0250', '3.1613', '0.0000', '0.0000', 'IMPERVIOUS', '100.0000', null, null, null, null, null, null, null, null, '83.0000', '0.0000', '10.0000', 'sector_01', '0106000020E764000001000000010300000001000000090000001FB694008C971941F78B760508755141A4648063DA961941D1B736401475514130EFA480E19619418DDCC10F17755141769A37481C9719418ACBE1821D755141CC221D292E971941E334F9CA1D755141A0C7FB30039819413E5B90910E7551419BE08C75EF97194188D2A17A0D7551411FB694008C971941F78B7605087551411FB694008C971941F78B760508755141');
INSERT INTO "sample_epaswmm"."subcatchment" VALUES ('30127', '10127', '41', '0.309059', '90.0000', '77.5200', '5.2998', '40.0000', '', '0.0130', '0.0250', '3.2462', '0.0000', '0.0000', 'IMPERVIOUS', '100.0000', null, null, null, null, null, null, null, null, '83.0000', '0.0000', '10.0000', 'sector_01', '0106000020E76400000100000001030000000100000006000000A0C7FB30039819413E5B90910E755141CC221D292E971941E334F9CA1D75514163D326D9B6971941CD971515237551416B8EE46D7B981941E6153C3515755141A0C7FB30039819413E5B90910E755141A0C7FB30039819413E5B90910E755141');
INSERT INTO "sample_epaswmm"."subcatchment" VALUES ('30128', '10128', '41', '0.304227', '90.0000', '76.1500', '4.362', '40.1500', '', '0.0130', '0.0250', '3.5712', '0.0000', '0.0000', 'IMPERVIOUS', '100.0000', null, null, null, null, null, null, null, null, '83.0000', '0.0000', '10.0000', 'sector_01', '0106000020E764000001000000010300000001000000080000006B8EE46D7B981941E6153C351575514163D326D9B6971941CD9715152375514127B2040EEF971941A3F3AD782775514129528D9B2E981941988AB5B429755141293C0273F39819411DB4CFD21B75514130650477C198194133524013197551416B8EE46D7B981941E6153C35157551416B8EE46D7B981941E6153C3515755141');
INSERT INTO "sample_epaswmm"."subcatchment" VALUES ('30129', '10129', '41', '0.305568', '90.0000', '75.9300', '4.5961', '40.2900', '', '0.0130', '0.0250', '3.4809', '0.0000', '0.0000', 'IMPERVIOUS', '100.0000', null, null, null, null, null, null, null, null, '83.0000', '0.0000', '10.0000', 'sector_01', '0106000020E76400000100000001030000000100000007000000293C0273F39819411DB4CFD21B75514129528D9B2E981941988AB5B429755141402C27656F981941E5A2395A2E7551413645F927AA9819411423466A30755141EBFC97B36A99194134265C6122755141293C0273F39819411DB4CFD21B755141293C0273F39819411DB4CFD21B755141');
INSERT INTO "sample_epaswmm"."subcatchment" VALUES ('30130', '10130', '41', '0.299609', '90.0000', '74.8500', '9.3117', '40.0300', '', '0.0130', '0.0250', '2.4629', '0.0000', '0.0000', 'IMPERVIOUS', '100.0000', null, null, null, null, null, null, null, null, '83.0000', '0.0000', '10.0000', 'sector_01', '0106000020E764000001000000010300000001000000070000001C5020F8E99819412AC227FD3475514133D49A561F991941FBDBFEDD3675514144A02CBBE3991941A2EFEC0829755141EBFC97B36A99194134265C61227551413645F927AA9819411423466A307551411C5020F8E99819412AC227FD347551411C5020F8E99819412AC227FD34755141');
INSERT INTO "sample_epaswmm"."subcatchment" VALUES ('30131', '10131', '41', '0.324343', '90.0000', '75.2000', '6.2891', '43.1300', '', '0.0130', '0.0250', '2.9851', '0.0000', '0.0000', 'IMPERVIOUS', '100.0000', null, null, null, null, null, null, null, null, '83.0000', '0.0000', '10.0000', 'sector_01', '0106000020E764000001000000010300000001000000080000008AB8FA6080991941FEA02A703D755141E3EC6EFCA7991941CA529A713D755141F0FEF5DC629A19417CB962063075514144A02CBBE3991941A2EFEC082975514133D49A561F991941FBDBFEDD3675514108BDC28B759919419EB0E70B3D7551418AB8FA6080991941FEA02A703D7551418AB8FA6080991941FEA02A703D755141');
INSERT INTO "sample_epaswmm"."subcatchment" VALUES ('30132', '10132', '41', '0.254653', '90.0000', '55.3100', '3.6056', '46.0400', '', '0.0130', '0.0250', '3.9206', '0.0000', '0.0000', 'IMPERVIOUS', '100.0000', null, null, null, null, null, null, null, null, '83.0000', '0.0000', '10.0000', 'sector_01', '0106000020E7640000010000000103000000010000000800000078AC5269939A194109CDC11C3E755141F498709CEE9A19412158859B37755141F999F5F96A9A194180BE957830755141F0FEF5DC629A19417CB9620630755141E3EC6EFCA7991941CA529A713D755141AD5F03B7CD991941D3A996703E75514178AC5269939A194109CDC11C3E75514178AC5269939A194109CDC11C3E755141');
INSERT INTO "sample_epaswmm"."subcatchment" VALUES ('30233', '10233', '41', '0.188038', '90.0000', '54.6000', '8.2749', '34.4400', '', '0.0130', '0.0250', '2.6095', '0.0000', '0.0000', 'IMPERVIOUS', '100.0000', null, null, null, null, null, null, null, null, '83.0000', '0.0000', '10.0000', 'sector_01', '0106000020E7640000010000000103000000010000000700000095BA23BFDF961941C317DAF4207551417841B2EF2F9619419D570C432B755141FA0FC76581961941524DE7B734755141808A4B52B8961941CDEE660D36755141C120341BE296194194A6D5E52075514195BA23BFDF961941C317DAF42075514195BA23BFDF961941C317DAF420755141');
INSERT INTO "sample_epaswmm"."subcatchment" VALUES ('30234', '10234', '41', '0.088399', '90.0000', '39.1700', '2.1046', '22.5700', '', '0.0130', '0.0250', '5.1040', '0.0000', '0.0000', 'IMPERVIOUS', '100.0000', null, null, null, null, null, null, null, null, '83.0000', '0.0000', '10.0000', 'sector_01', '0106000020E764000001000000010300000001000000090000006C3BF85F639B19416F232A593E7551412E299A0DAF9B1941909C597D3B7551416A3FE9BC399B19414910F63D34755141F498709CEE9A19412158859B377551412154C9B8199B194125F6D8F1397551412DE57C915A9B19419C8C5FD23D75514167363EA0609B19416BC997763E7551416C3BF85F639B19416F232A593E7551416C3BF85F639B19416F232A593E755141');
 

-- ----------------------------
-- Alter Sequences Owned By 
-- ----------------------------
